customer_id,customer_name,segment,region,state,city,first_order_date,last_order_date,total_orders,total_revenue,total_profit,customer_ltv,customer_type
AA-10315,Alex Avila,Consumer,Central,Minnesota,Minneapolis,2014-03-31,2017-06-29,5,5563.56,-362.8825,5563.56,repeat
AA-10375,Allen Armold,Consumer,West,Arizona,Mesa,2014-04-21,2017-12-11,9,1056.39,277.3824,1056.39,repeat
AA-10480,Andrew Allen,Consumer,South,North Carolina,Concord,2014-05-04,2017-04-15,4,1790.5120000000002,435.8274,1790.5120000000002,repeat
AA-10645,Anna Andreadi,Consumer,East,Pennsylvania,Chester,2014-06-22,2017-11-05,6,5086.9349999999995,857.8033,5086.9349999999995,repeat
AB-10015,Aaron Bergman,Consumer,West,Washington,Seattle,2014-02-18,2016-11-10,3,886.156,129.3465,886.156,repeat
AB-10060,Adam Bellavance,Home Office,East,New York,New York City,2015-09-18,2017-11-06,8,7755.62,2054.5885,7755.62,repeat
AB-10105,Adrian Barton,Consumer,West,Arizona,Phoenix,2014-12-20,2017-11-19,10,14473.570999999998,5444.8055,14473.570999999998,repeat
AB-10150,Aimee Bixby,Consumer,East,New York,Long Beach,2014-03-05,2017-11-19,5,966.71,313.6597,966.71,repeat
AB-10165,Alan Barnes,Consumer,West,California,Los Angeles,2014-11-16,2017-12-05,8,1113.838,220.813,1113.838,repeat
AB-10255,Alejandro Ballentine,Home Office,East,Ohio,Lorain,2014-07-22,2017-07-17,9,914.5319999999999,264.5675,914.5319999999999,repeat
AB-10600,Ann Blume,Corporate,West,Arizona,Tucson,2014-11-18,2017-11-10,4,1515.862,-274.9604,1515.862,repeat
AC-10420,Alyssa Crouse,Corporate,West,California,San Francisco,2014-07-12,2017-05-12,3,925.8,-62.1342,925.8,repeat
AC-10450,Amy Cox,Consumer,Central,Minnesota,Minneapolis,2014-10-31,2017-12-19,7,5527.846,1366.0098,5527.846,repeat
AC-10615,Ann Chong,Corporate,East,New York,New York City,2015-09-15,2017-12-24,5,2537.6859999999997,298.8273,2537.6859999999997,repeat
AC-10660,Anna Chung,Consumer,Central,Texas,Huntsville,2014-10-15,2017-03-23,5,657.316,-28.700399999999995,657.316,repeat
AD-10180,Alan Dominguez,Home Office,Central,Texas,Houston,2014-11-19,2017-12-01,8,6106.88,1869.9294,6106.88,repeat
AF-10870,Art Ferguson,Consumer,Central,Texas,College Station,2015-12-06,2017-11-19,7,2052.908,317.9712,2052.908,repeat
AF-10885,Art Foster,Consumer,South,Kentucky,Louisville,2014-05-10,2016-11-10,4,861.565,-163.1175,861.565,repeat
AG-10270,Alejandro Grove,Consumer,West,Utah,West Jordan,2014-05-13,2017-03-27,5,2582.898,732.7399,2582.898,repeat
AG-10300,Aleksandra Gannaway,Corporate,West,California,Los Angeles,2014-04-26,2017-09-03,4,367.548,59.288399999999996,367.548,repeat
AG-10330,Alex Grayson,Consumer,West,California,Stockton,2016-08-03,2017-12-22,5,660.972,-5.137100000000006,660.972,repeat
AG-10390,Allen Goldenen,Consumer,East,Ohio,Cincinnati,2014-04-19,2017-09-07,5,200.945,69.2784,200.945,repeat
AG-10495,Andrew Gjertsen,Corporate,East,Pennsylvania,Philadelphia,2015-01-04,2017-10-13,8,2356.855,295.6668,2356.855,repeat
AG-10525,Andy Gerbode,Corporate,South,Florida,Saint Petersburg,2014-08-09,2015-09-07,4,1455.038,-152.7613,1455.038,repeat
AG-10675,Anna Gayman,Consumer,Central,Texas,Houston,2015-05-07,2017-09-24,7,3489.0396000000005,-246.42570000000003,3489.0396000000005,repeat
AG-10765,Anthony Garverick,Home Office,East,Pennsylvania,Philadelphia,2014-09-17,2017-10-14,4,170.584,-8.431000000000001,170.584,repeat
AG-10900,Arthur Gainer,Consumer,West,Arizona,Tucson,2014-07-23,2017-09-25,10,4510.797,343.6824,4510.797,repeat
AH-10030,Aaron Hawkins,Corporate,East,Pennsylvania,Philadelphia,2014-04-22,2017-12-18,7,1744.7,365.2152,1744.7,repeat
AH-10075,Adam Hart,Corporate,East,New York,New York City,2014-11-16,2017-11-26,10,3250.337,281.189,3250.337,repeat
AH-10120,Adrian Hane,Home Office,West,Arizona,Tucson,2014-07-18,2017-10-31,7,1735.5140000000001,-2.3145999999999773,1735.5140000000001,repeat
AH-10195,Alan Haines,Corporate,South,Florida,Tamarac,2015-03-05,2017-11-05,4,1587.452,-378.5509,1587.452,repeat
AH-10210,Alan Hwang,Consumer,West,California,Brentwood,2014-11-29,2017-12-24,9,4805.344,1308.5546,4805.344,repeat
AH-10465,Amy Hunt,Consumer,East,New York,New York City,2015-01-03,2017-05-14,5,2495.3916,-196.12009999999998,2495.3916,repeat
AH-10585,Angele Hood,Consumer,Central,Illinois,Chicago,2014-10-26,2017-12-09,4,738.504,83.96300000000001,738.504,repeat
AH-10690,Anna Häberlin,Corporate,East,New York,New York City,2014-04-02,2016-11-15,12,7888.294,1298.0166,7888.294,repeat
AI-10855,Arianne Irving,Consumer,East,Pennsylvania,Philadelphia,2014-04-28,2017-12-17,10,4375.786,867.7271000000001,4375.786,repeat
AJ-10780,Anthony Jacobs,Corporate,South,Virginia,Springfield,2014-01-10,2017-10-16,7,4867.344,150.71300000000005,4867.344,repeat
AJ-10795,Anthony Johnson,Corporate,South,Florida,Saint Petersburg,2014-05-14,2017-07-17,7,4501.391,1158.7064,4501.391,repeat
AJ-10945,Ashley Jarboe,Consumer,South,North Carolina,Wilmington,2014-03-03,2017-10-06,7,1839.24,521.1351999999999,1839.24,repeat
AJ-10960,Astrea Jones,Consumer,East,New York,Rochester,2014-09-14,2017-10-17,3,629.2479999999999,60.4265,629.2479999999999,repeat
AM-10360,Alice McCarthy,Corporate,Central,Texas,Grand Prairie,2014-10-06,2017-12-02,5,814.012,194.9878,814.012,repeat
AM-10705,Anne McFarland,Consumer,South,Alabama,Auburn,2014-10-31,2017-07-21,8,5664.022,1085.7326,5664.022,repeat
AO-10810,Anthony O'Donnell,Corporate,West,California,Los Angeles,2016-08-16,2016-08-16,1,161.28,12.096,161.28,new
AP-10720,Anne Pryor,Home Office,East,New York,New York City,2014-03-03,2017-11-19,8,1638.554,285.7888,1638.554,repeat
AP-10915,Arthur Prichep,Consumer,South,Florida,Palm Coast,2014-08-23,2017-09-23,10,3323.556,579.3113,3323.556,repeat
AR-10345,Alex Russell,Corporate,East,Massachusetts,Lawrence,2014-12-30,2017-09-10,4,1055.694,-221.0544,1055.694,repeat
AR-10405,Allen Rosenblatt,Corporate,East,Massachusetts,Franklin,2014-10-03,2017-08-27,5,2236.128,-98.7646,2236.128,repeat
AR-10510,Andrew Roberts,Consumer,East,Pennsylvania,Philadelphia,2014-05-02,2017-12-16,5,264.86400000000003,43.6695,264.86400000000003,repeat
AR-10540,Andy Reiter,Consumer,East,New York,New York City,2014-11-25,2017-12-24,6,6608.448,2884.6208,6608.448,repeat
AR-10570,Anemone Ratner,Consumer,South,Georgia,Columbus,2016-07-14,2016-07-14,1,88.15,32.633,88.15,new
AR-10825,Anthony Rawles,Corporate,West,Washington,Vancouver,2014-06-30,2017-11-02,8,4523.336,494.83519999999993,4523.336,repeat
AS-10045,Aaron Smayling,Corporate,South,North Carolina,Jacksonville,2014-07-27,2017-10-03,7,3050.692,-253.57459999999998,3050.692,repeat
AS-10090,Adam Shillingsburg,Consumer,South,Virginia,Charlottesville,2014-09-22,2017-12-02,9,3255.31,64.53739999999998,3255.31,repeat
AS-10135,Adrian Shami,Home Office,East,New York,New York City,2016-11-13,2017-11-19,2,58.82,21.8496,58.82,repeat
AS-10225,Alan Schoenberger,Corporate,East,New York,New York City,2014-10-18,2017-12-08,5,4260.784,719.7751000000001,4260.784,repeat
AS-10240,Alan Shonely,Consumer,South,Florida,Tampa,2014-03-15,2017-06-21,7,584.6080000000001,33.715799999999994,584.6080000000001,repeat
AS-10285,Alejandro Savely,Corporate,West,California,San Francisco,2016-05-21,2017-12-11,6,3214.236,354.62760000000003,3214.236,repeat
AS-10630,Ann Steele,Home Office,Central,Texas,Pasadena,2014-08-01,2017-09-29,7,833.398,136.49190000000002,833.398,repeat
AT-10435,Alyssa Tate,Home Office,West,California,Los Angeles,2014-11-24,2017-12-09,6,1171.814,100.87680000000002,1171.814,repeat
AT-10735,Annie Thurman,Consumer,West,Washington,Seattle,2014-08-30,2017-12-17,10,3831.864,974.107,3831.864,repeat
AW-10840,Anthony Witt,Consumer,Central,Texas,Allen,2015-04-13,2017-12-10,4,649.376,65.77250000000001,649.376,repeat
AW-10930,Arthur Wiediger,Home Office,Central,Illinois,Aurora,2014-07-14,2017-11-14,7,2852.968,-104.5486,2852.968,repeat
AY-10555,Andy Yotov,Corporate,West,California,Oceanside,2014-04-06,2017-12-16,4,497.014,103.3499,497.014,repeat
AZ-10750,Annie Zypern,Consumer,East,New York,New York City,2014-03-17,2017-07-23,6,1622.0179999999998,154.9503,1622.0179999999998,repeat
BB-10990,Barry Blumstein,Corporate,West,California,Inglewood,2014-07-27,2017-09-16,5,744.3399999999999,11.583900000000007,744.3399999999999,repeat
BB-11545,Brenda Bowman,Corporate,Central,Texas,Houston,2015-06-05,2017-12-02,9,6765.728,1015.0749999999999,6765.728,repeat
BC-11125,Becky Castell,Home Office,West,Arizona,Peoria,2014-07-06,2017-06-11,9,2933.676,251.5974,2933.676,repeat
BD-11320,Bill Donatelli,Consumer,West,California,San Francisco,2015-05-31,2017-11-27,12,5718.521,1094.5037,5718.521,repeat
BD-11500,Bradley Drucker,Consumer,Central,Wisconsin,Green Bay,2014-02-01,2017-11-25,6,4411.2429999999995,1142.1225,4411.2429999999995,repeat
BD-11560,Brendan Dodson,Home Office,West,California,Fresno,2015-05-30,2017-03-27,2,320.54,116.714,320.54,repeat
BD-11605,Brian Dahlen,Consumer,East,Massachusetts,Lawrence,2014-01-13,2017-09-24,7,3288.471,634.8463,3288.471,repeat
BD-11620,Brian DeCherney,Consumer,West,California,San Francisco,2014-06-30,2017-10-22,6,1538.11,206.75689999999997,1538.11,repeat
BD-11635,Brian Derr,Consumer,South,Kentucky,Bowling Green,2014-10-05,2017-12-21,3,582.646,141.53400000000002,582.646,repeat
BD-11725,Bruce Degenhardt,Consumer,South,Kentucky,Richmond,2015-07-03,2017-09-28,6,1526.5,333.9791,1526.5,repeat
BD-11770,Bryan Davis,Consumer,Central,Texas,Houston,2016-03-10,2017-02-06,6,658.466,141.265,658.466,repeat
BE-11335,Bill Eplett,Home Office,Central,Michigan,Jackson,2016-01-15,2017-09-02,5,4204.676,1487.7739000000001,4204.676,repeat
BE-11410,Bobby Elias,Consumer,East,Ohio,Lancaster,2016-02-07,2017-09-23,5,2261.438,755.9150999999999,2261.438,repeat
BE-11455,Brad Eason,Home Office,Central,Kansas,Olathe,2015-08-02,2017-04-20,6,1727.652,139.20080000000002,1727.652,repeat
BF-10975,Barbara Fisher,Corporate,South,North Carolina,Charlotte,2014-07-14,2017-09-30,7,599.798,227.4384,599.798,repeat
BF-11005,Barry Franz,Home Office,West,California,Pasadena,2014-09-25,2017-11-21,4,1333.88,-291.38109999999995,1333.88,repeat
BF-11020,Barry Französisch,Corporate,Central,Wisconsin,Green Bay,2014-02-15,2017-10-17,8,2888.506,302.02,2888.506,repeat
BF-11080,Bart Folk,Consumer,East,Maryland,Baltimore,2014-11-28,2017-12-05,3,272.95,110.9272,272.95,repeat
BF-11170,Ben Ferrer,Home Office,West,California,Los Angeles,2014-04-13,2017-12-14,11,5907.972,1538.2127,5907.972,repeat
BF-11215,Benjamin Farhat,Home Office,West,New Mexico,Albuquerque,2014-11-09,2017-10-26,4,1585.162,523.2133,1585.162,repeat
BF-11275,Beth Fritzler,Corporate,West,Arizona,Tucson,2014-03-22,2017-11-03,3,791.9899999999999,25.870199999999997,791.9899999999999,repeat
BG-11035,Barry Gonzalez,Consumer,South,Louisiana,Monroe,2014-11-05,2017-12-02,8,2798.948,-711.4274,2798.948,repeat
BG-11695,Brooke Gillingham,Corporate,East,Ohio,Cincinnati,2014-05-11,2017-11-24,6,1874.172,107.5715,1874.172,repeat
BG-11740,Bruce Geld,Consumer,East,Pennsylvania,Philadelphia,2014-03-23,2017-11-03,6,1006.356,119.34790000000001,1006.356,repeat
BH-11710,Brosina Hoffman,Consumer,West,California,Los Angeles,2014-06-09,2017-12-07,8,6255.351,802.7898,6255.351,repeat
BK-11260,Berenike Kampe,Consumer,East,New York,New York City,2014-08-03,2017-10-14,6,659.1379999999999,-63.764399999999995,659.1379999999999,repeat
BM-11140,Becky Martin,Consumer,Central,Texas,San Antonio,2014-09-08,2017-02-26,4,11789.63,-1659.9580999999998,11789.63,repeat
BM-11575,Brendan Murry,Corporate,East,New York,New York City,2015-09-15,2017-09-21,6,808.162,95.58160000000001,808.162,repeat
BM-11650,Brian Moss,Corporate,East,New York,New York City,2014-07-09,2017-11-27,11,7294.185,2199.2781,7294.185,repeat
BM-11785,Bryan Mills,Consumer,East,Ohio,Columbus,2014-06-06,2017-05-26,10,1338.842,137.7439,1338.842,repeat
BN-11470,Brad Norvell,Corporate,South,North Carolina,Cary,2014-09-12,2017-12-06,4,265.296,36.6131,265.296,repeat
BN-11515,Bradley Nguyen,Consumer,West,California,Los Angeles,2014-03-17,2017-12-21,5,1459.344,340.7054,1459.344,repeat
BO-11350,Bill Overfelt,Corporate,West,California,Los Angeles,2016-01-03,2017-08-15,5,2682.728,278.77700000000004,2682.728,repeat
BO-11425,Bobby Odegard,Consumer,South,Kentucky,Richmond,2015-09-10,2017-10-16,2,130.83,59.4522,130.83,repeat
BP-11050,Barry Pond,Corporate,East,Rhode Island,Cranston,2014-10-12,2017-10-08,5,983.42,209.78300000000002,983.42,repeat
BP-11095,Bart Pistole,Corporate,Central,Illinois,Peoria,2014-06-07,2017-12-13,12,2442.044,433.9751,2442.044,repeat
BP-11155,Becky Pak,Consumer,South,Georgia,Columbus,2015-06-04,2017-10-02,6,1697.8609999999999,647.3847000000001,1697.8609999999999,repeat
BP-11185,Ben Peterman,Corporate,West,Colorado,Arvada,2015-03-24,2017-12-29,9,3675.861,363.5991,3675.861,repeat
BP-11230,Benjamin Patterson,Consumer,West,Washington,Spokane,2014-04-20,2017-11-21,5,1181.49,-197.2695,1181.49,repeat
BP-11290,Beth Paige,Consumer,Central,Illinois,Evanston,2014-10-03,2017-12-18,7,2475.157,-319.0637,2475.157,repeat
BS-11365,Bill Shonely,Corporate,East,New York,New York City,2014-05-04,2016-06-20,5,10501.653,2616.0643999999998,10501.653,repeat
BS-11380,Bill Stewart,Corporate,Central,Illinois,Skokie,2014-11-29,2017-12-02,5,3887.834,-17.532200000000024,3887.834,repeat
BS-11590,Brendan Sweed,Corporate,West,Arizona,Gilbert,2014-01-14,2017-11-25,6,2454.928,381.7807,2454.928,repeat
BS-11665,Brian Stugart,Consumer,East,Pennsylvania,Philadelphia,2014-06-23,2016-05-27,3,3288.1099999999997,238.73680000000002,3288.1099999999997,repeat
BS-11755,Bruce Stewart,Consumer,West,Colorado,Denver,2014-05-18,2017-12-29,7,2562.382,-113.29840000000003,2562.382,repeat
BS-11800,Bryan Spruell,Home Office,East,New York,New York City,2015-09-26,2017-04-09,2,949.4300000000001,194.0516,949.4300000000001,repeat
BT-11305,Beth Thompson,Home Office,West,California,Costa Mesa,2014-04-25,2017-01-28,5,2567.656,417.5918,2567.656,repeat
BT-11395,Bill Tyler,Corporate,Central,Michigan,Detroit,2014-10-28,2017-03-03,6,2186.6130000000003,257.9163,2186.6130000000003,repeat
BT-11440,Bobby Trafton,Consumer,West,Colorado,Littleton,2014-06-04,2016-06-18,4,603.876,-77.5256,603.876,repeat
BT-11485,Brad Thomas,Home Office,East,Maryland,Clinton,2015-12-27,2016-03-11,2,415.19599999999997,126.8694,415.19599999999997,repeat
BT-11530,Bradley Talbott,Home Office,West,California,Los Angeles,2014-05-21,2017-09-30,5,2684.4919999999997,409.4983,2684.4919999999997,repeat
BT-11680,Brian Thompson,Consumer,East,Ohio,Newark,2014-11-28,2017-12-10,7,3196.752,447.74839999999995,3196.752,repeat
BV-11245,Benjamin Venier,Corporate,Central,Iowa,Des Moines,2015-03-26,2017-01-30,5,1523.2730000000001,315.2214,1523.2730000000001,repeat
BW-11065,Barry Weirich,Consumer,South,North Carolina,Raleigh,2014-05-25,2017-06-01,3,385.516,-58.28659999999999,385.516,repeat
BW-11110,Bart Watters,Corporate,Central,Wisconsin,Milwaukee,2015-03-20,2017-08-31,8,4750.358,921.2574,4750.358,repeat
BW-11200,Ben Wallace,Consumer,South,Florida,Boynton Beach,2014-08-12,2017-06-10,6,1738.406,246.9973,1738.406,repeat
CA-11965,Carol Adams,Corporate,South,Alabama,Hoover,2014-01-26,2017-09-25,6,3789.7228,1143.3817,3789.7228,repeat
CA-12055,Cathy Armstrong,Home Office,Central,Texas,Houston,2015-09-05,2016-11-24,5,1679.7240000000002,211.2559,1679.7240000000002,repeat
CA-12265,Christina Anderson,Consumer,Central,Illinois,Chicago,2014-03-25,2017-11-04,9,2648.2872,279.6183,2648.2872,repeat
CA-12310,Christine Abelman,Corporate,East,Ohio,Cincinnati,2014-07-19,2017-12-17,4,1421.954,246.02179999999998,1421.954,repeat
CA-12775,Cynthia Arntzen,Consumer,South,Florida,Tampa,2014-06-28,2017-09-01,7,3041.566,204.48950000000002,3041.566,repeat
CB-12025,Cassandra Brandow,Consumer,East,Ohio,Hamilton,2014-03-21,2017-11-13,10,6076.139,150.2089,6076.139,repeat
CB-12415,Christy Brittain,Consumer,East,Ohio,Columbus,2015-11-05,2017-12-04,8,1949.2,272.3883,1949.2,repeat
CB-12535,Claudia Bergmann,Corporate,South,North Carolina,Chapel Hill,2015-01-02,2017-06-16,8,4246.4555,1049.5601,4246.4555,repeat
CC-12100,Chad Cunningham,Home Office,Central,Indiana,Columbus,2014-12-16,2016-09-29,6,1770.945,208.5912,1770.945,repeat
CC-12145,Charles Crestani,Consumer,West,California,Los Angeles,2014-07-20,2017-09-15,7,2471.65,392.2825,2471.65,repeat
CC-12220,Chris Cortes,Consumer,Central,Indiana,La Porte,2014-09-09,2017-12-10,12,3913.418,393.9618,3913.418,repeat
CC-12370,Christopher Conant,Consumer,South,North Carolina,Fayetteville,2016-05-23,2017-11-17,5,12129.072000000002,2177.0493,12129.072000000002,repeat
CC-12430,Chuck Clark,Home Office,Central,Indiana,Columbus,2015-09-06,2017-12-30,10,2870.05,424.6583,2870.05,repeat
CC-12475,Cindy Chapman,Consumer,East,New York,New York City,2014-05-16,2017-11-21,9,1659.438,154.851,1659.438,repeat
CC-12550,Clay Cheatham,Consumer,West,California,San Francisco,2017-06-15,2017-12-03,3,113.832,33.870599999999996,113.832,repeat
CC-12610,Corey Catlett,Corporate,East,Pennsylvania,Philadelphia,2014-08-27,2017-11-26,7,2540.631,331.434,2540.631,repeat
CC-12670,Craig Carreira,Consumer,East,New York,New York City,2014-12-23,2017-12-01,7,2269.7015,187.8399,2269.7015,repeat
CC-12685,Craig Carroll,Consumer,South,North Carolina,Greensboro,2014-03-22,2015-10-23,4,2854.1150000000002,850.1591,2854.1150000000002,repeat
CD-11920,Carlos Daly,Consumer,West,California,Lake Elsinore,2014-03-24,2017-11-20,5,2033.968,426.661,2033.968,repeat
CD-11980,Carol Darley,Consumer,Central,Texas,Tyler,2016-11-24,2017-11-06,3,639.766,-206.7172,639.766,repeat
CD-12280,Christina DeMoss,Consumer,West,Washington,Seattle,2017-11-05,2017-11-18,2,1205.584,233.0274,1205.584,repeat
CD-12790,Cynthia Delaney,Home Office,West,California,San Diego,2014-02-02,2016-11-26,5,1860.732,403.8422,1860.732,repeat
CG-12040,Catherine Glotzbach,Home Office,East,Pennsylvania,Philadelphia,2015-06-01,2017-11-11,6,904.4680000000001,86.5106,904.4680000000001,repeat
CG-12520,Claire Gute,Consumer,South,Kentucky,Henderson,2015-10-15,2017-01-26,3,1148.7800000000002,169.93439999999998,1148.7800000000002,repeat
CH-12070,Cathy Hwang,Home Office,South,North Carolina,Raleigh,2015-06-25,2016-02-08,3,1537.236,195.15109999999999,1537.236,repeat
CJ-11875,Carl Jackson,Corporate,East,Pennsylvania,Philadelphia,2016-12-30,2016-12-30,1,16.52,1.652,16.52,new
CJ-12010,Caroline Jumper,Consumer,West,California,Huntington Beach,2016-03-10,2017-06-24,8,11164.974,858.7414,11164.974,repeat
CK-12205,Chloris Kastensmidt,Consumer,East,Pennsylvania,Philadelphia,2014-03-11,2017-11-21,13,3154.855,141.2831,3154.855,repeat
CK-12325,Christine Kargatis,Home Office,West,Utah,Orem,2014-03-14,2017-09-01,5,2945.321,261.22090000000003,2945.321,repeat
CK-12595,Clytie Kelty,Consumer,East,Ohio,Grove City,2014-12-26,2017-11-17,11,2372.75,497.70980000000003,2372.75,repeat
CK-12760,Cyma Kinney,Corporate,East,New Jersey,Linden,2014-02-07,2017-10-09,9,1582.109,-338.4311,1582.109,repeat
CL-11890,Carl Ludwig,Consumer,East,Massachusetts,Everett,2014-07-26,2017-09-15,4,1262.0140000000001,328.0847,1262.0140000000001,repeat
CL-12565,Clay Ludtke,Consumer,Central,Iowa,Urbandale,2014-03-04,2017-03-21,12,10880.546,1933.7830999999999,10880.546,repeat
CL-12700,Craig Leslie,Home Office,Central,Missouri,Springfield,2016-04-24,2017-09-16,5,2353.586,229.00990000000002,2353.586,repeat
CM-11815,Candace McMahon,Corporate,Central,Texas,Pasadena,2014-11-14,2017-08-21,6,1673.888,214.463,1673.888,repeat
CM-11935,Carlos Meador,Consumer,South,North Carolina,Fayetteville,2015-09-24,2016-01-22,2,565.392,-43.732400000000005,565.392,repeat
CM-12115,Chad McGuire,Consumer,East,New York,New York City,2015-03-29,2017-12-22,4,1661.6100000000001,409.0679,1661.6100000000001,repeat
CM-12160,Charles McCrossin,Consumer,Central,Texas,Brownsville,2016-10-21,2017-12-04,6,2533.314,-394.3686,2533.314,repeat
CM-12190,Charlotte Melton,Consumer,East,Pennsylvania,Philadelphia,2015-09-18,2017-12-22,6,1475.144,91.2033,1475.144,repeat
CM-12235,Chris McAfee,Consumer,Central,Texas,Carrollton,2016-05-01,2016-12-10,5,2305.712,365.0387,2305.712,repeat
CM-12385,Christopher Martinez,Consumer,South,Georgia,Atlanta,2015-03-16,2017-11-23,4,8954.019999999999,3899.8903999999998,8954.019999999999,repeat
CM-12445,Chuck Magee,Consumer,West,California,San Francisco,2014-06-09,2016-10-20,3,287.99,64.4296,287.99,repeat
CM-12655,Corinna Mitchell,Home Office,West,California,Los Angeles,2015-03-19,2017-12-03,6,6339.5576,1572.4585,6339.5576,repeat
CM-12715,Craig Molinari,Corporate,Central,Texas,Huntsville,2014-03-07,2015-03-01,4,3984.4524,176.3108,3984.4524,repeat
CP-12085,Cathy Prescott,Corporate,East,Connecticut,Norwich,2014-12-04,2017-10-09,8,5402.254,427.0258,5402.254,repeat
CP-12340,Christine Phan,Corporate,East,New York,New York City,2014-03-17,2017-07-23,8,5888.275,-1850.3029000000001,5888.275,repeat
CR-12580,Clay Rozendal,Home Office,Central,Illinois,Elmhurst,2016-04-18,2017-11-03,4,2148.852,74.40129999999999,2148.852,repeat
CR-12625,Corey Roper,Home Office,East,New Jersey,Lakewood,2014-06-01,2016-09-16,3,475.9,144.7594,475.9,repeat
CR-12730,Craig Reiter,Consumer,East,Ohio,Columbus,2014-08-20,2017-10-13,4,1600.55,306.9176,1600.55,repeat
CR-12820,Cyra Reiten,Home Office,East,New York,New York City,2015-01-24,2017-10-06,3,1397.8724,83.27029999999999,1397.8724,repeat
CS-11845,Cari Sayre,Corporate,West,Washington,Seattle,2014-12-14,2017-09-30,5,1278.954,185.3776,1278.954,repeat
CS-11860,Cari Schnelling,Consumer,South,North Carolina,Jacksonville,2014-05-02,2017-07-21,6,537.632,105.8275,537.632,repeat
CS-11950,Carlos Soltero,Consumer,Central,Illinois,Chicago,2014-06-08,2017-12-05,11,3036.547,-126.4223,3036.547,repeat
CS-12130,Chad Sievert,Consumer,West,California,Los Angeles,2014-08-05,2016-08-28,4,884.64,143.8339,884.64,repeat
CS-12175,Charles Sheldon,Corporate,South,Tennessee,Columbia,2014-08-12,2017-05-12,5,844.4580000000001,113.1405,844.4580000000001,repeat
CS-12250,Chris Selesnick,Corporate,South,Louisiana,Bossier City,2014-01-13,2017-12-04,12,2754.216,738.3626,2754.216,repeat
CS-12355,Christine Sundaresam,Consumer,South,Georgia,Roswell,2014-08-15,2017-12-24,11,3202.1620000000003,831.9432,3202.1620000000003,repeat
CS-12400,Christopher Schild,Home Office,Central,Illinois,Chicago,2014-09-26,2017-12-28,9,3651.8585000000003,-342.80330000000004,3651.8585000000003,repeat
CS-12460,Chuck Sachs,Consumer,South,Georgia,Columbus,2017-07-03,2017-12-03,2,550.644,156.2593,550.644,repeat
CS-12490,Cindy Schnelling,Corporate,Central,Texas,Conroe,2015-01-12,2016-11-01,4,1077.2285,-302.8761,1077.2285,repeat
CS-12505,Cindy Stewart,Consumer,South,North Carolina,Thomasville,2014-03-26,2017-11-02,6,5690.054999999999,-6626.389499999999,5690.054999999999,repeat
CT-11995,Carol Triggs,Consumer,Central,Minnesota,Rochester,2014-05-07,2017-09-25,8,3241.898,161.22629999999995,3241.898,repeat
CV-12295,Christina VanderZanden,Consumer,West,California,Fresno,2014-03-28,2017-04-20,5,2830.6279999999997,493.0861,2830.6279999999997,repeat
CV-12805,Cynthia Voltz,Corporate,East,New York,New York City,2016-05-09,2017-12-25,9,2370.3136,98.99749999999999,2370.3136,repeat
CW-11905,Carl Weiss,Home Office,Central,Texas,Huntsville,2014-06-09,2017-12-08,6,1136.592,370.8298,1136.592,repeat
CY-12745,Craig Yedwab,Corporate,West,California,Oakland,2014-12-12,2017-10-31,8,2900.026,60.64670000000001,2900.026,repeat
Co-12640,Corey-Lock,Consumer,East,Pennsylvania,Philadelphia,2014-06-20,2016-06-29,5,1300.076,205.62820000000002,1300.076,repeat
DA-13450,Dianna Arnett,Home Office,Central,Texas,Houston,2014-04-25,2017-01-12,4,156.76,56.7904,156.76,repeat
DB-12910,Daniel Byrd,Home Office,South,Florida,Tampa,2014-10-24,2017-12-09,8,2171.599,431.3748,2171.599,repeat
DB-12970,Darren Budd,Corporate,West,California,Los Angeles,2014-11-12,2017-05-03,5,2839.2272,213.00289999999998,2839.2272,repeat
DB-13060,Dave Brooks,Consumer,West,Washington,Seattle,2014-03-01,2017-12-14,7,4531.646,473.0272,4531.646,repeat
DB-13120,David Bremer,Corporate,West,California,Santa Clara,2015-05-01,2017-11-12,7,2973.094,-1421.7692,2973.094,repeat
DB-13210,Dean Braden,Consumer,Central,Texas,Houston,2015-03-22,2017-12-21,10,2332.577,169.9679,2332.577,repeat
DB-13270,Deborah Brumfield,Home Office,West,California,San Diego,2014-02-04,2017-11-07,8,4655.897,841.8263999999999,4655.897,repeat
DB-13360,Dennis Bolton,Home Office,East,New York,New York City,2014-11-19,2017-04-10,5,1081.466,291.0085,1081.466,repeat
DB-13405,Denny Blanton,Consumer,Central,Indiana,La Porte,2015-08-08,2017-06-26,4,1711.692,438.9092,1711.692,repeat
DB-13555,Dorothy Badders,Corporate,South,Florida,Jacksonville,2014-04-21,2017-09-14,7,3908.8028,109.32700000000001,3908.8028,repeat
DB-13615,Doug Bickford,Consumer,West,California,Los Angeles,2014-09-30,2017-11-27,7,1989.05,438.80119999999994,1989.05,repeat
DB-13660,Duane Benoit,Consumer,East,New York,Oceanside,2014-06-17,2017-12-18,7,1155.202,177.67350000000002,1155.202,repeat
DC-12850,Dan Campbell,Consumer,South,Alabama,Florence,2014-07-05,2017-11-23,9,3336.168,-1441.6312999999998,3336.168,repeat
DC-13285,Debra Catini,Consumer,Central,Minnesota,Cottage Grove,2014-12-29,2017-12-07,5,1174.618,132.06820000000002,1174.618,repeat
DD-13570,Dorothy Dickinson,Consumer,Central,Texas,Houston,2014-03-31,2017-11-19,6,269.542,36.4344,269.542,repeat
DE-13255,Deanra Eno,Home Office,East,Ohio,Springfield,2014-08-22,2016-01-11,5,2550.874,464.47139999999996,2550.874,repeat
DF-13135,David Flashing,Consumer,West,California,Vallejo,2014-10-04,2016-01-30,3,2390.534,-259.3097,2390.534,repeat
DG-13300,Deirdre Greer,Corporate,East,Pennsylvania,Philadelphia,2014-11-01,2017-11-28,5,3195.818,562.7761,3195.818,repeat
DH-13075,Dave Hallsten,Corporate,South,Kentucky,Richmond,2014-11-21,2017-03-28,6,4932.872,1193.7404,4932.872,repeat
DH-13675,Duane Huffman,Home Office,East,Massachusetts,Quincy,2014-08-12,2015-11-15,4,1043.096,116.667,1043.096,repeat
DJ-13420,Denny Joy,Corporate,South,Georgia,Warner Robins,2014-12-08,2016-04-02,4,2012.52,483.03499999999997,2012.52,repeat
DJ-13510,Don Jones,Corporate,South,Tennessee,Murfreesboro,2014-08-17,2017-11-12,8,2501.6879999999996,345.2521,2501.6879999999996,repeat
DJ-13630,Doug Jacobs,Consumer,East,New York,New York City,2015-12-14,2017-12-18,3,3356.398,731.5644,3356.398,repeat
DK-12835,Damala Kotsonis,Corporate,West,California,Salinas,2014-03-26,2017-12-09,12,3256.48,881.1228000000001,3256.48,repeat
DK-12895,Dana Kaydos,Consumer,Central,Wisconsin,Kenosha,2015-03-08,2017-11-15,5,4282.176,937.6496,4282.176,repeat
DK-12985,Darren Koutras,Consumer,South,Kentucky,Henderson,2014-11-24,2017-12-23,5,1687.04,-107.35379999999998,1687.04,repeat
DK-13090,Dave Kipp,Consumer,West,Washington,Seattle,2015-03-02,2017-11-18,7,2650.557,536.3935,2650.557,repeat
DK-13150,David Kendrick,Corporate,Central,Illinois,Decatur,2014-12-05,2017-12-20,2,797.832,249.9447,797.832,repeat
DK-13225,Dean Katz,Corporate,East,Pennsylvania,Philadelphia,2014-03-14,2017-12-20,9,4802.394,209.89940000000004,4802.394,repeat
DK-13375,Dennis Kane,Consumer,East,Ohio,Marion,2014-09-07,2017-12-11,8,3318.486,377.0799,3318.486,repeat
DL-12865,Dan Lawera,Consumer,East,Ohio,Cincinnati,2014-06-29,2017-09-21,8,1503.112,322.2449,1503.112,repeat
DL-12925,Daniel Lacy,Consumer,West,California,Oceanside,2014-09-09,2017-11-03,6,3272.2,4.213200000000029,3272.2,repeat
DL-13315,Delfina Latchford,Consumer,East,New York,New York City,2014-01-16,2017-12-08,8,1458.258,288.8732,1458.258,repeat
DL-13330,Denise Leinenbach,Consumer,West,New Mexico,Las Cruces,2014-06-23,2017-11-03,4,585.02,222.6812,585.02,repeat
DL-13495,Dionis Lloyd,Corporate,West,California,San Francisco,2015-12-25,2017-10-15,8,3539.322,-52.78799999999997,3539.322,repeat
DM-12955,Dario Medina,Corporate,Central,Michigan,Lincoln Park,2014-09-30,2017-09-07,7,1322.034,108.7583,1322.034,repeat
DM-13015,Darrin Martin,Consumer,West,California,Encinitas,2014-09-14,2017-11-03,7,6345.103,1677.3931,6345.103,repeat
DM-13345,Denise Monton,Corporate,South,Georgia,Roswell,2014-11-03,2017-12-08,8,4074.4719999999998,1319.0586,4074.4719999999998,repeat
DM-13525,Don Miller,Corporate,Central,Texas,Houston,2014-07-05,2016-09-05,3,1376.792,199.7688,1376.792,repeat
DN-13690,Duane Noonan,Consumer,West,California,San Francisco,2014-09-20,2017-05-27,7,2139.79,540.5405000000001,2139.79,repeat
DO-13435,Denny Ordway,Consumer,South,Florida,Pembroke Pines,2014-10-03,2017-08-19,9,1300.0315,-38.90860000000001,1300.0315,repeat
DO-13645,Doug O'Connell,Consumer,West,California,Los Angeles,2015-11-07,2017-12-04,7,1267.316,294.0676,1267.316,repeat
DP-13000,Darren Powers,Consumer,Central,Indiana,New Albany,2014-01-03,2017-08-26,9,1050.636,241.4524,1050.636,repeat
DP-13105,Dave Poirier,Corporate,West,California,Salinas,2015-08-22,2017-12-24,8,2215.002,563.1761,2215.002,repeat
DP-13165,David Philippe,Consumer,East,New York,New York City,2014-12-02,2015-10-10,2,1058.616,-40.93759999999999,1058.616,repeat
DP-13390,Dennis Pardue,Home Office,Central,Illinois,Peoria,2014-07-05,2017-01-06,9,5480.723999999999,1571.8318,5480.723999999999,repeat
DR-12880,Dan Reichenbach,Corporate,Central,Illinois,Chicago,2015-09-25,2017-12-27,9,6528.034000000001,1641.8613,6528.034000000001,repeat
DR-12940,Daniel Raglin,Home Office,East,Massachusetts,Franklin,2014-03-28,2017-11-10,8,8350.868,2869.0759999999996,8350.868,repeat
DS-13030,Darrin Sayre,Home Office,West,Washington,Seattle,2014-07-09,2017-09-28,4,1762.213,193.3319,1762.213,repeat
DS-13180,David Smith,Corporate,Central,Michigan,Detroit,2014-04-28,2017-12-07,9,2881.8128,163.6993,2881.8128,repeat
DV-13045,Darrin Van Huff,Corporate,West,California,Los Angeles,2016-06-12,2017-12-11,5,1119.483,-427.184,1119.483,repeat
DV-13465,Dianna Vittorini,Consumer,West,Colorado,Denver,2014-06-22,2017-12-01,6,3341.587,353.2127,3341.587,repeat
DW-13195,David Wiener,Corporate,Central,Texas,Houston,2014-01-18,2017-10-22,6,1080.751,-86.87379999999999,1080.751,repeat
DW-13480,Dianna Wilson,Home Office,Central,Minnesota,Lakeville,2014-06-01,2017-05-27,5,5271.628,1348.7556,5271.628,repeat
DW-13540,Don Weiss,Consumer,West,Washington,Seattle,2016-02-27,2017-09-23,5,344.08,69.6672,344.08,repeat
DW-13585,Dorothy Wardle,Corporate,East,Ohio,Columbus,2014-08-24,2017-05-02,7,1204.854,-266.8966,1204.854,repeat
Dl-13600,Dorris liebe,Corporate,Central,Texas,Pasadena,2014-03-30,2017-09-02,5,755.602,175.2388,755.602,repeat
Dp-13240,Dean percer,Home Office,West,Utah,Murray,2014-05-26,2017-10-07,11,7198.7609999999995,333.36479999999995,7198.7609999999995,repeat
EA-14035,Erin Ashbrook,Corporate,South,North Carolina,Charlotte,2014-09-13,2017-07-31,13,2846.705,-52.74059999999998,2846.705,repeat
EB-13705,Ed Braxton,Corporate,East,Ohio,Akron,2014-07-08,2017-11-12,9,3644.978,13.621500000000005,3644.978,repeat
EB-13750,Edward Becker,Corporate,West,Washington,Seattle,2015-03-12,2017-11-25,10,3236.314,-80.28599999999999,3236.314,repeat
EB-13840,Ellis Ballard,Corporate,West,Washington,Seattle,2014-05-30,2017-10-01,5,4358.128,656.1988,4358.128,repeat
EB-13870,Emily Burns,Consumer,West,Utah,Orem,2014-05-05,2017-09-21,10,2767.219,261.5315,2767.219,repeat
EB-13930,Eric Barreto,Consumer,West,California,San Francisco,2014-02-02,2017-07-22,5,944.6000000000001,0.6042000000000058,944.6000000000001,repeat
EB-13975,Erica Bern,Corporate,West,California,Fairfield,2016-01-04,2017-12-30,4,1643.255,162.8781,1643.255,repeat
EB-14110,Eugene Barchas,Consumer,East,Pennsylvania,Philadelphia,2015-04-13,2017-09-08,6,3071.126,184.7656,3071.126,repeat
EB-14170,Evan Bailliet,Consumer,South,North Carolina,Wilmington,2014-09-29,2017-10-09,6,1186.326,282.1701,1186.326,repeat
EC-14050,Erin Creighton,Consumer,East,New York,New York City,2014-12-17,2017-11-07,5,461.914,96.4256,461.914,repeat
ED-13885,Emily Ducich,Home Office,West,California,San Diego,2014-08-09,2017-08-17,8,3484.92,670.4435000000001,3484.92,repeat
EG-13900,Emily Grady,Consumer,East,New York,Oceanside,2015-11-02,2017-12-08,5,1832.02,104.2656,1832.02,repeat
EH-13765,Edward Hooks,Corporate,East,New York,Watertown,2014-04-12,2017-08-17,12,10310.880000000001,1393.5154,10310.880000000001,repeat
EH-13945,Eric Hoffmann,Consumer,West,California,Los Angeles,2014-07-02,2017-05-27,8,684.1709999999999,53.53980000000001,684.1709999999999,repeat
EH-13990,Erica Hackney,Consumer,South,Georgia,Roswell,2014-01-15,2016-11-20,6,825.9499999999999,150.3759,825.9499999999999,repeat
EH-14005,Erica Hernandez,Home Office,West,Colorado,Denver,2014-05-13,2017-12-28,7,1219.53,-94.14079999999997,1219.53,repeat
EH-14125,Eugene Hildebrand,Home Office,Central,Illinois,Aurora,2014-10-19,2017-07-31,10,3082.653,96.27019999999999,3082.653,repeat
EH-14185,Evan Henry,Consumer,South,Alabama,Decatur,2014-05-22,2017-09-16,6,923.884,242.1107,923.884,repeat
EJ-13720,Ed Jacobs,Consumer,West,California,San Diego,2014-01-27,2017-03-03,4,2162.174,387.0176,2162.174,repeat
EJ-14155,Eva Jacobs,Consumer,South,Mississippi,Gulfport,2014-03-03,2017-11-03,5,2656.691,451.87550000000005,2656.691,repeat
EK-13795,Eileen Kiefer,Home Office,West,California,Santa Ana,2014-03-18,2017-11-16,4,1303.478,97.10659999999999,1303.478,repeat
EL-13735,Ed Ludwig,Home Office,East,Maryland,Columbia,2016-04-22,2017-10-14,2,124.28,27.1154,124.28,repeat
EM-13810,Eleni McCrary,Corporate,West,California,Los Angeles,2015-06-07,2017-08-20,5,2567.0099999999998,-133.8275,2567.0099999999998,repeat
EM-13825,Elizabeth Moffitt,Corporate,Central,South Dakota,Sioux Falls,2014-12-02,2017-11-05,8,2339.598,682.5541999999999,2339.598,repeat
EM-13960,Eric Murdock,Consumer,East,Pennsylvania,Philadelphia,2015-10-01,2017-08-01,5,933.704,102.29599999999999,933.704,repeat
EM-14065,Erin Mull,Consumer,East,New York,New York City,2014-07-22,2017-11-13,4,228.99,40.15459999999999,228.99,repeat
EM-14095,Eudokia Martin,Corporate,West,California,Los Angeles,2015-08-07,2017-09-08,4,1041.0420000000001,240.2362,1041.0420000000001,repeat
EM-14140,Eugene Moren,Home Office,West,Arizona,Glendale,2014-07-19,2017-11-12,6,4588.436000000001,1319.3655,4588.436000000001,repeat
EM-14200,Evan Minnotte,Home Office,South,Virginia,Virginia Beach,2015-12-20,2017-07-25,3,366.822,21.7721,366.822,repeat
EN-13780,Edward Nazzal,Consumer,East,New York,New York City,2015-05-30,2017-03-18,4,2199.366,496.1131,2199.366,repeat
EP-13915,Emily Phan,Consumer,Central,Illinois,Chicago,2014-07-06,2017-12-18,17,5478.0608,144.9578,5478.0608,repeat
ER-13855,Elpida Rittenbach,Corporate,Central,Minnesota,Saint Paul,2015-12-21,2016-11-04,3,1245.788,-295.7398,1245.788,repeat
ES-14020,Erica Smith,Consumer,West,California,San Francisco,2014-09-20,2017-11-20,5,3510.4579999999996,1003.2935,3510.4579999999996,repeat
ES-14080,Erin Smith,Corporate,South,Florida,Melbourne,2014-10-02,2017-12-02,9,4657.924,246.6661,4657.924,repeat
FA-14230,Frank Atkinson,Corporate,West,California,Long Beach,2014-09-19,2017-09-24,7,2984.054,520.5229,2984.054,repeat
FC-14245,Frank Carlisle,Home Office,East,Ohio,Lakewood,2015-06-13,2017-10-21,7,3418.742,1217.1662000000001,3418.742,repeat
FC-14335,Fred Chung,Corporate,Central,Texas,Mesquite,2014-10-10,2017-06-29,7,3889.366,714.2926,3889.366,repeat
FG-14260,Frank Gastineau,Home Office,West,California,San Francisco,2014-05-21,2017-11-26,7,1383.144,394.73969999999997,1383.144,repeat
FH-14275,Frank Hawley,Corporate,Central,Indiana,La Porte,2014-04-06,2017-11-23,10,4256.272,1073.2676,4256.272,repeat
FH-14350,Fred Harton,Consumer,West,Washington,Seattle,2015-08-23,2017-06-01,4,2271.284,706.289,2271.284,repeat
FH-14365,Fred Hopkins,Corporate,East,Pennsylvania,Philadelphia,2014-10-20,2017-12-25,8,6987.196,2050.2826,6987.196,repeat
FM-14215,Filia McAdams,Corporate,East,Ohio,Dublin,2014-03-11,2017-12-23,10,2456.638,249.6808,2456.638,repeat
FM-14290,Frank Merwin,Home Office,West,California,Los Angeles,2014-08-26,2017-11-24,9,3736.198,198.10949999999997,3736.198,repeat
FM-14380,Fred McMath,Consumer,West,Colorado,Aurora,2015-07-12,2017-08-07,9,2523.266,191.4898,2523.266,repeat
FO-14305,Frank Olsen,Consumer,East,New York,New York City,2014-06-09,2017-11-22,10,2678.438,215.59689999999998,2678.438,repeat
FP-14320,Frank Preis,Consumer,West,California,Los Angeles,2014-12-07,2017-12-07,8,4046.746,406.44730000000004,4046.746,repeat
FW-14395,Fred Wasserman,Corporate,South,Alabama,Huntsville,2015-03-22,2017-01-02,3,79.75,23.491300000000003,79.75,repeat
GA-14515,George Ashbrook,Consumer,West,California,San Francisco,2014-05-18,2017-08-03,8,3919.7760000000003,840.899,3919.7760000000003,repeat
GA-14725,Guy Armstrong,Consumer,East,Ohio,Lorain,2014-02-11,2017-12-25,11,1398.382,136.70790000000002,1398.382,repeat
GB-14530,George Bell,Corporate,East,New York,Auburn,2014-04-28,2017-10-29,11,1568.44,7.837100000000003,1568.44,repeat
GB-14575,Giulietta Baptist,Consumer,East,Pennsylvania,Philadelphia,2015-06-12,2017-12-17,5,4716.288,1135.8393,4716.288,repeat
GD-14590,Giulietta Dortch,Corporate,East,Pennsylvania,Philadelphia,2014-05-05,2017-12-25,4,1888.07,230.93729999999996,1888.07,repeat
GG-14650,Greg Guthrie,Corporate,South,Tennessee,Bristol,2014-10-31,2017-11-17,9,2224.0,12.698500000000008,2224.0,repeat
GH-14410,Gary Hansen,Home Office,West,Arizona,Glendale,2014-07-09,2017-10-16,9,2819.4669999999996,-576.8335,2819.4669999999996,repeat
GH-14425,Gary Hwang,Consumer,West,Arizona,Tucson,2014-06-17,2017-11-10,4,4172.8460000000005,1176.4181,4172.8460000000005,repeat
GH-14485,Gene Hale,Corporate,Central,Texas,Richardson,2015-10-08,2016-12-08,2,1361.2440000000001,-95.4498,1361.2440000000001,repeat
GH-14665,Greg Hansen,Consumer,Central,Texas,Round Rock,2015-11-17,2017-12-28,2,146.94080000000002,-5.810200000000001,146.94080000000002,repeat
GK-14620,Grace Kelly,Corporate,West,California,Hesperia,2014-06-25,2017-09-09,9,6497.27,1448.5525,6497.27,repeat
GM-14440,Gary McGarr,Consumer,West,California,San Francisco,2014-03-21,2017-10-08,7,3582.8199999999997,347.266,3582.8199999999997,repeat
GM-14455,Gary Mitchum,Home Office,Central,Texas,Houston,2014-04-11,2017-12-14,6,3078.624,793.2814000000001,3078.624,repeat
GM-14500,Gene McClure,Consumer,East,Rhode Island,Providence,2014-08-09,2017-09-15,10,1255.682,441.3185,1255.682,repeat
GM-14680,Greg Matthias,Consumer,West,Washington,Seattle,2014-05-10,2017-07-31,6,3163.628,35.48649999999999,3163.628,repeat
GM-14695,Greg Maxwell,Corporate,West,California,Los Angeles,2014-04-05,2017-09-04,3,6049.966,188.7235,6049.966,repeat
GP-14740,Guy Phonely,Corporate,East,Pennsylvania,Lancaster,2014-04-06,2015-11-26,2,236.53,31.837600000000002,236.53,repeat
GR-14560,Georgia Rosenberg,Corporate,West,California,San Francisco,2014-11-19,2014-11-21,2,1284.38,359.83320000000003,1284.38,repeat
GT-14635,Grant Thornton,Corporate,South,North Carolina,Burlington,2014-06-06,2017-11-04,3,9351.212,-4108.6589,9351.212,repeat
GT-14710,Greg Tran,Consumer,Central,Texas,Houston,2014-05-23,2017-11-24,11,11820.119999999999,2163.4269,11820.119999999999,repeat
GT-14755,Guy Thornton,Consumer,Central,Texas,Harlingen,2015-02-18,2017-11-26,4,226.436,-6.139200000000002,226.436,repeat
GW-14605,Giulietta Weimer,Consumer,West,Washington,Seattle,2014-03-01,2017-12-02,7,2189.019,-268.54229999999995,2189.019,repeat
GZ-14470,Gary Zandusky,Consumer,Central,Minnesota,Rochester,2014-08-05,2017-12-23,9,4355.150000000001,1087.7539,4355.150000000001,repeat
GZ-14545,George Zrebassa,Corporate,East,Massachusetts,Lawrence,2014-09-28,2017-07-26,4,2454.6220000000003,828.661,2454.6220000000003,repeat
HA-14905,Helen Abelman,Consumer,East,New York,New York City,2014-06-30,2017-10-22,7,2163.3,270.8574,2163.3,repeat
HA-14920,Helen Andreada,Consumer,West,California,Pasadena,2014-10-11,2017-12-10,8,2584.158,99.1445,2584.158,repeat
HD-14785,Harold Dahlen,Home Office,East,Pennsylvania,Philadelphia,2014-05-11,2015-11-22,3,251.36,-135.87599999999998,251.36,repeat
HE-14800,Harold Engle,Corporate,Central,Illinois,Chicago,2016-01-30,2017-12-18,4,883.5319999999999,274.4028,883.5319999999999,repeat
HF-14995,Herbert Flentye,Consumer,Central,Indiana,Indianapolis,2014-05-26,2017-12-09,7,2533.1639999999998,-13.876799999999989,2533.1639999999998,repeat
HG-14845,Harry Greene,Consumer,South,Louisiana,Lake Charles,2014-04-29,2017-11-06,5,785.628,147.0032,785.628,repeat
HG-14965,Henry Goldwyn,Corporate,West,California,Los Angeles,2014-09-20,2017-12-07,12,3247.642,-2797.9635000000003,3247.642,repeat
HG-15025,Hunter Glantz,Consumer,Central,Texas,Amarillo,2014-10-14,2017-12-24,7,3690.284,804.6113,3690.284,repeat
HH-15010,Hilary Holden,Corporate,West,California,San Francisco,2014-08-29,2017-10-19,2,218.668,86.7342,218.668,repeat
HJ-14875,Heather Jas,Home Office,South,Florida,Jacksonville,2015-04-13,2017-08-26,5,358.1,98.6548,358.1,repeat
HK-14890,Heather Kirkland,Corporate,South,Tennessee,Franklin,2014-06-10,2017-08-01,8,4877.784,956.9451,4877.784,repeat
HL-15040,Hunter Lopez,Consumer,Central,Texas,Houston,2014-01-20,2017-11-17,6,12873.297999999999,5622.4292000000005,12873.297999999999,repeat
HM-14860,Harry Marie,Corporate,East,Pennsylvania,Philadelphia,2014-07-21,2017-12-28,10,8236.7648,2437.9836,8236.7648,repeat
HM-14980,Henry MacAllister,Consumer,East,New York,New York City,2015-10-02,2017-04-27,4,736.276,117.2755,736.276,repeat
HP-14815,Harold Pawlan,Home Office,Central,Texas,Fort Worth,2014-05-06,2017-11-30,7,1990.314,373.8637,1990.314,repeat
HR-14770,Hallie Redmond,Home Office,West,California,Los Angeles,2014-03-01,2017-12-17,5,1299.288,185.5794,1299.288,repeat
HR-14830,Harold Ryan,Corporate,West,Washington,Seattle,2014-11-24,2017-07-24,7,5248.787,1196.9504,5248.787,repeat
HW-14935,Helen Wasserman,Corporate,West,California,San Diego,2015-09-27,2017-09-04,8,9300.254,2164.1611,9300.254,repeat
HZ-14950,Henia Zydlo,Consumer,East,Ohio,Columbus,2016-03-14,2017-11-25,5,886.52,-130.3879,886.52,repeat
IG-15085,Ivan Gibson,Consumer,West,California,San Diego,2014-10-18,2017-10-20,4,744.574,320.4982,744.574,repeat
IL-15100,Ivan Liston,Consumer,West,California,San Francisco,2014-08-01,2017-08-10,7,5040.736,1121.937,5040.736,repeat
IM-15055,Ionia McGrath,Consumer,West,California,Roseville,2014-01-23,2016-11-16,3,2872.63,975.7701,2872.63,repeat
IM-15070,Irene Maddox,Consumer,West,Washington,Seattle,2014-12-19,2016-12-05,7,4930.474,514.6527,4930.474,repeat
JA-15970,Joseph Airdo,Consumer,West,Arizona,Phoenix,2014-09-17,2017-09-29,8,6491.026,-819.4217000000001,6491.026,repeat
JB-15400,Jennifer Braxton,Corporate,Central,Illinois,Chicago,2014-09-14,2017-12-23,10,1791.605,156.05319999999998,1791.605,repeat
JB-15925,Joni Blumstein,Consumer,East,Ohio,Dublin,2014-12-05,2015-12-24,3,900.552,-286.9808,900.552,repeat
JB-16000,Joy Bell-,Consumer,Central,Texas,Brownsville,2016-01-10,2017-11-17,7,644.1188,126.76490000000001,644.1188,repeat
JB-16045,Julia Barnett,Home Office,South,Georgia,Columbus,2015-05-03,2017-12-23,5,2518.115,201.51850000000002,2518.115,repeat
JC-15340,Jasper Cacioppo,Consumer,West,California,Los Angeles,2014-01-28,2017-09-07,4,71.263,-0.35560000000000036,71.263,repeat
JC-15385,Jenna Caffey,Consumer,West,Washington,Kent,2017-07-08,2017-07-08,1,1058.108,502.92440000000005,1058.108,new
JC-15775,John Castell,Consumer,Central,Texas,San Antonio,2014-09-14,2017-07-25,9,2772.055,279.56919999999997,2772.055,repeat
JC-16105,Julie Creighton,Corporate,South,North Carolina,Durham,2014-11-18,2017-11-03,5,858.576,201.5952,858.576,repeat
JD-15790,John Dryer,Consumer,Central,Texas,Coppell,2015-04-02,2017-09-04,5,2152.352,-266.55249999999995,2152.352,repeat
JD-15895,Jonathan Doherty,Corporate,East,Pennsylvania,Philadelphia,2014-03-26,2016-12-01,11,7610.8640000000005,1050.2667999999999,7610.8640000000005,repeat
JD-16015,Joy Daniels,Consumer,Central,Illinois,Chicago,2014-10-04,2017-09-09,6,385.43,26.7605,385.43,repeat
JD-16060,Julia Dunbar,Consumer,West,California,San Francisco,2014-09-24,2017-03-05,3,695.442,111.11410000000001,695.442,repeat
JD-16150,Justin Deggeller,Corporate,Central,Minnesota,Minneapolis,2014-11-16,2017-11-19,8,8828.0305,1619.5199,8828.0305,repeat
JE-15475,Jeremy Ellison,Consumer,East,New York,Troy,2015-03-16,2017-06-20,6,1388.682,276.2197,1388.682,repeat
JE-15610,Jim Epp,Corporate,Central,Wisconsin,Milwaukee,2014-10-14,2017-11-12,7,7754.976,1623.4019,7754.976,repeat
JE-15715,Joe Elijah,Consumer,West,Colorado,Broomfield,2014-08-25,2017-11-14,10,8697.842999999999,1262.2926,8697.842999999999,repeat
JE-15745,Joel Eaton,Consumer,South,Tennessee,Memphis,2014-06-22,2017-11-09,13,6760.8150000000005,221.79670000000002,6760.8150000000005,repeat
JE-16165,Justin Ellison,Corporate,Central,Wisconsin,Franklin,2016-12-05,2017-12-10,3,2697.248,789.6476,2697.248,repeat
JF-15190,Jamie Frazer,Consumer,West,California,Los Angeles,2014-11-15,2017-10-26,7,2279.5860000000002,575.1259,2279.5860000000002,repeat
JF-15295,Jason Fortune-,Consumer,West,Washington,Seattle,2014-03-14,2017-05-19,5,955.124,97.28899999999999,955.124,repeat
JF-15355,Jay Fein,Consumer,Central,Texas,Austin,2015-10-23,2017-09-16,6,1911.844,330.199,1911.844,repeat
JF-15415,Jennifer Ferguson,Consumer,East,New York,New York City,2014-06-17,2017-12-28,6,2371.448,635.6376,2371.448,repeat
JF-15490,Jeremy Farry,Consumer,West,Washington,Seattle,2014-10-19,2017-08-31,11,1082.918,-18.06730000000001,1082.918,repeat
JF-15565,Jill Fjeld,Consumer,Central,Texas,Dallas,2014-10-11,2017-11-06,8,4198.332,1073.2088,4198.332,repeat
JG-15115,Jack Garza,Consumer,West,Washington,Des Moines,2014-09-21,2015-12-03,3,2358.676,684.1911,2358.676,repeat
JG-15160,James Galang,Consumer,West,California,Los Angeles,2014-05-30,2017-12-29,11,6366.392,1415.6664,6366.392,repeat
JG-15310,Jason Gross,Corporate,East,Rhode Island,Providence,2016-03-03,2017-12-28,6,2240.58,3.7976000000000063,2240.58,repeat
JG-15805,John Grady,Corporate,East,New York,New York City,2014-04-05,2017-05-21,6,1507.018,206.1019,1507.018,repeat
JH-15430,Jennifer Halladay,Consumer,South,North Carolina,Burlington,2014-02-24,2017-12-25,4,309.281,-24.077100000000005,309.281,repeat
JH-15820,John Huston,Consumer,East,Ohio,Kent,2014-05-19,2017-07-09,6,528.91,26.082199999999997,528.91,repeat
JH-15910,Jonathan Howell,Consumer,West,California,Los Angeles,2015-06-12,2017-11-19,7,959.477,-13.554499999999996,959.477,repeat
JH-15985,Joseph Holt,Consumer,Central,Michigan,Saginaw,2014-08-09,2017-12-01,6,7954.9980000000005,-644.6982,7954.9980000000005,repeat
JH-16180,Justin Hirsh,Consumer,West,Colorado,Pueblo,2015-05-25,2016-11-21,4,2256.3940000000002,-96.95300000000002,2256.3940000000002,repeat
JJ-15445,Jennifer Jackson,Consumer,West,California,Los Angeles,2015-03-05,2016-09-03,5,709.178,200.5558,709.178,repeat
JJ-15760,Joel Jenkins,Home Office,South,Virginia,Springfield,2015-10-05,2015-12-08,2,195.0,34.449200000000005,195.0,repeat
JK-15205,Jamie Kunitz,Consumer,West,California,San Francisco,2014-07-11,2017-10-30,5,4427.142,1219.983,4427.142,repeat
JK-15325,Jason Klamczynski,Corporate,Central,Texas,Dallas,2014-11-21,2017-03-18,3,383.812,55.32769999999999,383.812,repeat
JK-15370,Jay Kimmel,Consumer,West,California,Long Beach,2014-04-11,2017-11-16,8,2709.632,330.2838,2709.632,repeat
JK-15625,Jim Karlsson,Consumer,West,Washington,Seattle,2014-05-31,2017-10-30,7,3760.028,750.9485,3760.028,repeat
JK-15640,Jim Kriz,Home Office,East,New York,New York City,2014-09-19,2017-07-03,9,4760.434,1172.5303,4760.434,repeat
JK-15730,Joe Kamberova,Consumer,South,North Carolina,Asheville,2014-11-18,2017-10-07,10,4867.2,55.0483,4867.2,repeat
JK-16090,Juliana Krohn,Consumer,Central,Nebraska,Omaha,2015-04-21,2017-12-02,3,3747.668,586.6625,3747.668,repeat
JK-16120,Julie Kriz,Home Office,Central,Illinois,Aurora,2014-11-02,2017-09-04,10,2932.484,122.6566,2932.484,repeat
JL-15130,Jack Lebron,Consumer,Central,Texas,Houston,2014-07-18,2017-12-22,6,1214.956,-207.79559999999998,1214.956,repeat
JL-15175,James Lanier,Home Office,South,Tennessee,Columbia,2014-12-31,2017-12-24,5,1571.523,209.2817,1571.523,repeat
JL-15235,Janet Lee,Consumer,Central,Illinois,Chicago,2014-05-25,2017-09-02,5,2203.7,54.51740000000002,2203.7,repeat
JL-15505,Jeremy Lonsdale,Consumer,East,New York,New York City,2014-11-14,2017-11-11,6,3173.874,591.7163,3173.874,repeat
JL-15835,John Lee,Consumer,West,California,Mission Viejo,2014-04-18,2017-12-09,11,9799.923,228.907,9799.923,repeat
JL-15850,John Lucas,Consumer,East,Pennsylvania,Philadelphia,2014-07-22,2016-04-25,6,2725.256,779.9046,2725.256,repeat
JM-15250,Janet Martin,Consumer,South,North Carolina,Charlotte,2016-03-29,2017-11-23,6,3159.1220000000003,19.82350000000004,3159.1220000000003,repeat
JM-15265,Janet Molinari,Corporate,East,New York,New York City,2014-08-25,2017-11-23,5,1804.146,502.6143,1804.146,repeat
JM-15535,Jessica Myrick,Consumer,East,Pennsylvania,Philadelphia,2014-09-13,2017-09-19,7,1733.443,356.5395,1733.443,repeat
JM-15580,Jill Matthias,Consumer,South,North Carolina,Monroe,2016-04-14,2017-12-30,5,303.948,113.1204,303.948,repeat
JM-15655,Jim Mitchum,Corporate,East,New Jersey,Bridgeton,2014-04-08,2017-12-22,5,864.947,117.20400000000001,864.947,repeat
JM-15865,John Murray,Consumer,East,New York,Jamestown,2014-11-19,2017-09-12,7,7625.076000000001,1574.6163999999999,7625.076000000001,repeat
JM-16195,Justin MacKendrick,Consumer,West,California,Los Angeles,2014-04-30,2017-11-03,10,2833.9260000000004,754.1144,2833.9260000000004,repeat
JO-15145,Jack O'Briant,Corporate,East,Pennsylvania,Philadelphia,2014-01-06,2017-11-03,9,3254.949,581.4045,3254.949,repeat
JO-15280,Jas O'Carroll,Consumer,West,California,Los Angeles,2014-03-31,2017-09-29,6,1934.272,202.13619999999997,1934.272,repeat
JO-15550,Jesus Ocampo,Home Office,East,Pennsylvania,Chester,2015-03-19,2017-05-29,5,1090.838,167.6709,1090.838,repeat
JP-15460,Jennifer Patt,Corporate,East,New York,Oceanside,2014-08-24,2017-11-23,7,1669.135,429.7465,1669.135,repeat
JP-15520,Jeremy Pistek,Consumer,West,California,San Francisco,2014-08-22,2017-12-22,7,3635.594,757.1802,3635.594,repeat
JP-16135,Julie Prescott,Home Office,South,Georgia,Columbus,2014-09-23,2017-09-19,9,1707.71,309.7116,1707.71,repeat
JR-15670,Jim Radford,Consumer,East,Connecticut,Middletown,2015-12-24,2016-05-16,2,1156.658,-785.1645,1156.658,repeat
JR-15700,Jocasta Rupert,Consumer,South,Florida,Jacksonville,2017-10-23,2017-10-23,1,863.88,107.985,863.88,new
JR-16210,Justin Ritter,Corporate,East,Ohio,Springfield,2015-09-18,2017-11-27,5,2201.686,452.37300000000005,2201.686,repeat
JS-15595,Jill Stevenson,Corporate,West,California,Los Angeles,2014-03-03,2017-09-02,4,1417.654,-175.54899999999998,1417.654,repeat
JS-15685,Jim Sink,Corporate,West,California,Los Angeles,2016-06-14,2017-11-18,4,1131.0639999999999,-54.8692,1131.0639999999999,repeat
JS-15880,John Stevenson,Consumer,West,Washington,Seattle,2014-04-08,2016-07-14,5,3868.02,564.9798000000001,3868.02,repeat
JS-15940,Joni Sundaresam,Home Office,Central,Illinois,Park Ridge,2014-05-03,2016-09-23,5,469.169,-327.9336,469.169,repeat
JS-16030,Joy Smith,Consumer,Central,Texas,Houston,2014-02-27,2017-12-02,6,2516.494,-311.25749999999994,2516.494,repeat
JW-15220,Jane Waco,Corporate,West,Washington,Vancouver,2015-04-30,2017-11-18,6,7721.714,2173.7093999999997,7721.714,repeat
JW-15955,Joni Wasserman,Consumer,West,California,Oakland,2015-08-16,2017-12-25,7,1244.086,-29.575899999999987,1244.086,repeat
JW-16075,Julia West,Consumer,East,Pennsylvania,Philadelphia,2015-03-21,2016-09-25,4,1428.731,154.06369999999998,1428.731,repeat
KA-16525,Kelly Andreada,Consumer,West,California,Ontario,2014-03-11,2017-11-24,7,1519.506,234.9194,1519.506,repeat
KB-16240,Karen Bern,Corporate,West,California,Los Angeles,2014-03-31,2017-12-26,7,3152.6150000000002,763.9076,3152.6150000000002,repeat
KB-16315,Karl Braun,Consumer,Central,Minnesota,Minneapolis,2014-08-26,2017-03-09,9,1569.464,49.71929999999999,1569.464,repeat
KB-16405,Katrina Bavinger,Home Office,West,California,Apple Valley,2015-11-20,2017-09-04,3,908.821,274.297,908.821,repeat
KB-16585,Ken Black,Corporate,Central,Nebraska,Fremont,2014-04-04,2017-05-14,12,2744.742,579.3551,2744.742,repeat
KB-16600,Ken Brennan,Corporate,Central,Texas,Houston,2014-12-30,2017-12-29,7,983.922,293.55240000000003,983.922,repeat
KC-16255,Karen Carlisle,Corporate,West,California,San Francisco,2014-09-08,2016-11-18,6,2120.954,846.1217,2120.954,repeat
KC-16540,Kelly Collister,Consumer,West,California,San Diego,2015-11-02,2017-09-24,4,3908.262,709.4219,3908.262,repeat
KC-16675,Kimberly Carter,Corporate,West,Washington,Seattle,2014-12-13,2017-11-03,4,1146.05,156.7797,1146.05,repeat
KD-16270,Karen Daniels,Consumer,South,Virginia,Springfield,2014-11-11,2016-09-02,5,8282.358,1107.6952000000003,8282.358,repeat
KD-16345,Katherine Ducich,Consumer,West,California,San Francisco,2014-09-02,2017-11-19,6,1888.964,328.5942,1888.964,repeat
KD-16495,Keith Dawkins,Corporate,East,New York,New York City,2014-09-28,2017-09-09,12,8181.256,3038.6254,8181.256,repeat
KD-16615,Ken Dana,Corporate,West,Arizona,Scottsdale,2015-09-13,2017-03-16,5,2243.5099999999998,539.7219,2243.5099999999998,repeat
KE-16420,Katrina Edelman,Corporate,South,Tennessee,Bristol,2014-04-03,2017-12-04,8,1686.7312,397.87989999999996,1686.7312,repeat
KF-16285,Karen Ferguson,Home Office,West,California,Manteca,2014-09-26,2017-09-24,7,10604.266,1660.1386,10604.266,repeat
KH-16330,Katharine Harms,Corporate,South,Kentucky,Bowling Green,2014-04-01,2017-11-20,8,3312.864,454.7871,3312.864,repeat
KH-16360,Katherine Hughes,Consumer,East,Pennsylvania,Philadelphia,2014-04-29,2017-12-29,6,3100.612,528.2051,3100.612,repeat
KH-16510,Keith Herrera,Consumer,West,California,San Francisco,2014-08-15,2017-12-08,7,5952.859,656.1162,5952.859,repeat
KH-16630,Ken Heidel,Corporate,Central,Texas,San Antonio,2014-11-01,2017-11-02,9,3918.9660000000003,727.3786,3918.9660000000003,repeat
KH-16690,Kristen Hastings,Corporate,West,California,San Francisco,2014-03-21,2017-12-28,7,5990.799,1227.5091,5990.799,repeat
KL-16555,Kelly Lampkin,Corporate,West,Colorado,Colorado Springs,2014-06-15,2017-12-14,8,5016.488,-182.78130000000002,5016.488,repeat
KL-16645,Ken Lonsdale,Consumer,Central,Illinois,Chicago,2014-07-25,2017-11-13,12,14175.229000000001,806.855,14175.229000000001,repeat
KM-16225,Kalyca Meade,Corporate,East,New York,New York City,2015-07-06,2017-12-16,6,2260.958,635.1057000000001,2260.958,repeat
KM-16375,Katherine Murray,Home Office,South,Virginia,Salem,2014-07-20,2017-11-04,8,5620.186,973.7901999999999,5620.186,repeat
KM-16660,Khloe Miller,Consumer,South,Georgia,Roswell,2014-12-22,2017-12-15,5,453.538,91.1391,453.538,repeat
KM-16720,Kunst Miller,Consumer,West,California,Los Angeles,2014-03-30,2017-12-02,8,4909.472,745.7685,4909.472,repeat
KN-16390,Katherine Nockton,Corporate,West,California,Los Angeles,2014-12-02,2017-12-11,9,2617.272,-151.1518,2617.272,repeat
KN-16450,Kean Nguyen,Corporate,South,Florida,Jacksonville,2014-04-12,2017-11-08,5,2171.962,114.3083,2171.962,repeat
KN-16705,Kristina Nunn,Home Office,West,Colorado,Fort Collins,2014-03-02,2017-09-23,8,2280.58,329.76250000000005,2280.58,repeat
KS-16300,Karen Seio,Corporate,West,Utah,Lehi,2015-01-13,2017-03-10,3,88.472,0.11099999999999888,88.472,repeat
KT-16465,Kean Takahito,Consumer,West,California,Los Angeles,2014-09-08,2016-12-04,7,3057.1,254.0032,3057.1,repeat
KT-16480,Kean Thornton,Consumer,East,New York,Buffalo,2014-03-10,2017-09-21,10,4642.088400000001,194.0671,4642.088400000001,repeat
KW-16435,Katrina Willman,Consumer,East,New York,New York City,2015-08-24,2017-09-25,5,4416.5199999999995,1756.135,4416.5199999999995,repeat
KW-16570,Kelly Williams,Consumer,South,Tennessee,Clarksville,2014-09-30,2015-11-20,4,449.096,107.92699999999999,449.096,repeat
LA-16780,Laura Armstrong,Corporate,Central,Michigan,Taylor,2014-04-29,2017-07-29,11,8673.222,2059.1199,8673.222,repeat
LB-16735,Larry Blacks,Consumer,Central,Texas,Fort Worth,2016-07-25,2017-11-12,3,50.188,18.6507,50.188,repeat
LB-16795,Laurel Beltran,Home Office,Central,Illinois,Highland Park,2014-04-23,2017-07-31,8,4985.676,-52.19099999999998,4985.676,repeat
LC-16870,Lena Cacioppo,Consumer,West,Colorado,Aurora,2015-05-03,2017-12-03,8,2580.7039999999997,-188.25110000000004,2580.7039999999997,repeat
LC-16885,Lena Creighton,Consumer,West,California,Roseville,2014-04-25,2017-12-14,12,7663.126,1288.3469,7663.126,repeat
LC-16930,Linda Cazamias,Corporate,Central,Illinois,Naperville,2014-02-20,2017-11-19,8,4492.946,288.26599999999996,4492.946,repeat
LC-16960,Lindsay Castell,Home Office,South,Virginia,Arlington,2015-02-23,2016-10-20,4,3246.626,299.48019999999997,3246.626,repeat
LC-17050,Liz Carlisle,Consumer,West,California,Mission Viejo,2014-01-31,2017-11-06,5,2095.064,86.77799999999999,2095.064,repeat
LC-17140,Logan Currie,Consumer,Central,Texas,Dallas,2014-09-09,2017-12-17,9,2633.582,231.12520000000004,2633.582,repeat
LD-16855,Lela Donovan,Corporate,Central,Illinois,Chicago,2016-06-26,2016-06-26,1,5.304,0.4641,5.304,new
LD-17005,Lisa DeCherney,Consumer,West,California,San Francisco,2014-09-29,2016-11-11,4,1961.934,557.1714,1961.934,repeat
LE-16810,Laurel Elliston,Consumer,West,California,Whittier,2014-05-27,2017-12-09,6,1469.45,161.76489999999998,1469.45,repeat
LF-17185,Luke Foster,Consumer,South,Florida,Miami,2014-07-26,2017-12-08,7,3930.5089999999996,-3583.977,3930.5089999999996,repeat
LH-16750,Larry Hughes,Consumer,South,North Carolina,Charlotte,2014-09-21,2017-08-01,3,287.426,12.627699999999999,287.426,repeat
LH-16900,Lena Hernandez,Consumer,East,Delaware,Dover,2014-08-19,2017-12-09,9,2295.332,526.0727,2295.332,repeat
LH-17020,Lisa Hazard,Consumer,East,Ohio,Columbus,2014-09-08,2017-05-05,4,318.239,-242.73989999999998,318.239,repeat
LH-17155,Logan Haushalter,Consumer,West,California,San Francisco,2014-12-12,2016-12-10,9,1739.689,316.5202,1739.689,repeat
LL-16840,Lauren Leatherbury,Consumer,East,New York,Rochester,2014-04-29,2017-04-25,6,2741.2039999999997,560.0078,2741.2039999999997,repeat
LM-17065,Liz MacKendrick,Consumer,East,Ohio,Springfield,2014-06-27,2016-12-04,5,1346.774,-44.87799999999999,1346.774,repeat
LO-17170,Lori Olson,Corporate,West,California,La Quinta,2015-02-06,2017-12-28,5,644.35,150.1712,644.35,repeat
LP-17080,Liz Pelletier,Consumer,West,California,San Francisco,2014-06-24,2017-11-20,4,756.606,110.7813,756.606,repeat
LP-17095,Liz Preis,Consumer,South,Kentucky,Murray,2016-06-06,2017-12-21,7,3653.399,338.44539999999995,3653.399,repeat
LR-16915,Lena Radford,Consumer,West,California,San Diego,2014-08-08,2017-12-04,6,5142.892,535.4764,5142.892,repeat
LR-17035,Lisa Ryan,Corporate,East,Pennsylvania,Philadelphia,2014-09-07,2017-08-20,5,1879.306,-382.8079,1879.306,repeat
LS-16945,Linda Southworth,Corporate,East,Pennsylvania,Philadelphia,2015-04-25,2017-07-05,6,2845.27,-318.77369999999996,2845.27,repeat
LS-16975,Lindsay Shagiari,Home Office,West,California,Los Angeles,2014-10-20,2017-12-10,9,2988.674,262.63669999999996,2988.674,repeat
LS-17200,Luke Schmidt,Corporate,Central,Illinois,Skokie,2014-10-18,2017-09-25,6,1010.2560000000001,244.197,1010.2560000000001,repeat
LS-17230,Lycoris Saunders,Consumer,East,Delaware,Dover,2014-01-06,2015-11-14,3,368.88000000000005,39.1952,368.88000000000005,repeat
LS-17245,Lynn Smith,Consumer,Central,Missouri,Gladstone,2014-10-16,2017-11-26,6,1008.1360000000001,348.3584,1008.1360000000001,repeat
LT-16765,Larry Tron,Consumer,West,California,Escondido,2014-09-01,2017-12-04,3,329.876,59.036,329.876,repeat
LT-17110,Liz Thompson,Consumer,West,California,Lancaster,2014-06-01,2017-11-26,8,2936.252,320.973,2936.252,repeat
LW-16825,Laurel Workman,Corporate,South,Florida,Deltona,2014-05-30,2017-10-03,5,2238.061,32.5767,2238.061,repeat
LW-16990,Lindsay Williams,Corporate,West,California,San Francisco,2016-05-05,2017-11-27,6,3230.308,662.8339000000001,3230.308,repeat
LW-17125,Liz Willingham,Consumer,East,Connecticut,Norwich,2014-09-11,2017-06-08,3,1259.04,192.6312,1259.04,repeat
LW-17215,Luke Weiss,Consumer,West,California,Pasadena,2014-09-12,2017-12-09,7,5420.514,837.2411,5420.514,repeat
MA-17560,Matt Abelman,Home Office,Central,Texas,Houston,2014-08-08,2017-10-27,11,4299.161,1240.2266,4299.161,repeat
MA-17995,Michelle Arnett,Home Office,East,New York,Watertown,2014-09-20,2017-06-27,6,2453.284,280.7822,2453.284,repeat
MB-17305,Maria Bertelson,Consumer,East,Ohio,Akron,2014-08-08,2017-11-12,10,1548.702,212.425,1548.702,repeat
MB-18085,Mick Brown,Consumer,East,New Jersey,Vineland,2014-01-05,2017-11-16,7,1428.231,117.8057,1428.231,repeat
MC-17275,Marc Crier,Consumer,South,Louisiana,Lafayette,2014-09-08,2017-10-15,8,2725.982,461.0014,2725.982,repeat
MC-17425,Mark Cousins,Corporate,South,Alabama,Mobile,2014-05-30,2016-11-26,5,4432.138,1802.3903,4432.138,repeat
MC-17575,Matt Collins,Consumer,East,Ohio,Cincinnati,2014-12-02,2017-12-03,8,1303.893,210.7493,1303.893,repeat
MC-17590,Matt Collister,Corporate,East,New Jersey,Perth Amboy,2014-05-20,2017-11-09,6,2426.067,288.98409999999996,2426.067,repeat
MC-17605,Matt Connell,Corporate,Central,Michigan,Detroit,2014-03-19,2017-09-09,8,2258.192,195.4486,2258.192,repeat
MC-17635,Matthew Clasen,Corporate,Central,Missouri,Saint Louis,2014-11-28,2017-06-24,4,795.154,-247.94350000000003,795.154,repeat
MC-17845,Michael Chen,Consumer,South,Mississippi,Jackson,2014-07-05,2017-12-29,7,3805.714,698.4174,3805.714,repeat
MC-18100,Mick Crebagga,Consumer,Central,Texas,El Paso,2014-06-18,2017-11-19,10,2218.98,-64.1668,2218.98,repeat
MC-18130,Mike Caudle,Corporate,South,Louisiana,Monroe,2014-09-19,2016-12-26,5,1581.9979999999998,121.7565,1581.9979999999998,repeat
MD-17350,Maribeth Dona,Consumer,South,Arkansas,Fayetteville,2014-11-05,2017-09-04,7,3766.382,-241.94999999999996,3766.382,repeat
MD-17860,Michael Dominguez,Corporate,Central,Indiana,Indianapolis,2014-12-02,2017-11-24,5,1204.91,-4.040300000000002,1204.91,repeat
ME-17320,Maria Etezadi,Home Office,South,Georgia,Columbus,2014-01-06,2017-11-18,10,10663.728000000001,1859.4695,10663.728000000001,repeat
ME-17725,Max Engle,Consumer,West,Colorado,Aurora,2014-07-12,2017-12-02,8,1908.4532,77.81280000000001,1908.4532,repeat
ME-18010,Michelle Ellison,Corporate,West,California,San Francisco,2014-07-21,2017-09-29,4,1256.944,107.3604,1256.944,repeat
MF-17665,Maureen Fritzler,Corporate,East,Ohio,Toledo,2014-12-30,2016-11-04,5,937.039,-341.52650000000006,937.039,repeat
MF-18250,Monica Federle,Corporate,West,California,Los Angeles,2014-09-15,2017-12-23,5,1758.3,456.86080000000004,1758.3,repeat
MG-17650,Matthew Grinstein,Home Office,East,Pennsylvania,Philadelphia,2014-08-09,2017-12-01,7,3785.276,341.898,3785.276,repeat
MG-17680,Maureen Gastineau,Home Office,East,Ohio,Newark,2014-10-22,2017-09-29,4,2350.188,25.888599999999972,2350.188,repeat
MG-17695,Maureen Gnade,Consumer,East,New York,Buffalo,2014-12-26,2016-06-23,3,1342.282,-398.79319999999996,1342.282,repeat
MG-17875,Michael Grace,Home Office,East,New York,New York City,2014-02-23,2017-09-05,5,1242.8329999999999,-470.7684,1242.8329999999999,repeat
MG-17890,Michael Granlund,Home Office,East,Maryland,Clinton,2014-12-29,2017-09-22,9,776.384,171.7372,776.384,repeat
MG-18145,Mike Gockenbach,Consumer,East,Pennsylvania,Philadelphia,2014-03-29,2017-10-07,4,3061.543,-93.603,3061.543,repeat
MG-18205,Mitch Gastineau,Corporate,South,Florida,Jacksonville,2017-04-10,2017-04-10,1,16.739,-1.2453,16.739,new
MH-17290,Marc Harrigan,Home Office,West,California,Los Angeles,2014-04-26,2017-09-02,6,2394.025,28.761200000000038,2394.025,repeat
MH-17440,Mark Haberlin,Corporate,East,New York,New York City,2014-02-04,2016-12-19,4,400.016,61.428599999999996,400.016,repeat
MH-17455,Mark Hamilton,Consumer,South,North Carolina,Jacksonville,2014-07-11,2017-10-06,8,2456.1820000000002,484.77330000000006,2456.1820000000002,repeat
MH-17620,Matt Hagelstein,Corporate,West,California,San Francisco,2015-12-05,2017-07-28,4,1252.8,122.3612,1252.8,repeat
MH-17785,Maya Herman,Corporate,East,New York,Lindenhurst,2014-05-27,2017-09-23,7,2203.7780000000002,238.5614,2203.7780000000002,repeat
MH-18025,Michelle Huthwaite,Consumer,West,Washington,Seattle,2014-07-08,2017-11-11,5,2984.948,476.9032,2984.948,repeat
MH-18115,Mick Hernandez,Home Office,East,Pennsylvania,Chester,2016-08-23,2017-12-25,9,5503.093,170.9746,5503.093,repeat
MJ-17740,Max Jones,Consumer,West,Washington,Seattle,2015-06-09,2017-12-08,7,6320.746,1054.5529000000001,6320.746,repeat
MK-17905,Michael Kennedy,Corporate,East,Connecticut,Manchester,2014-11-18,2017-12-02,8,2302.368,-405.3559,2302.368,repeat
MK-18160,Mike Kennedy,Consumer,South,Florida,Jacksonville,2014-12-19,2017-05-04,4,1031.602,227.83380000000002,1031.602,repeat
ML-17395,Marina Lichtenstein,Corporate,West,California,Los Angeles,2014-02-14,2017-10-22,9,2722.843,684.9162,2722.843,repeat
ML-17410,Maris LaWare,Consumer,East,Connecticut,Fairfield,2014-11-14,2017-11-06,6,2921.5,-76.17550000000003,2921.5,repeat
ML-17755,Max Ludwig,Home Office,South,Virginia,Suffolk,2016-08-04,2017-12-01,7,2071.9139999999998,409.51120000000003,2071.9139999999998,repeat
ML-18040,Michelle Lonsdale,Corporate,West,New Mexico,Albuquerque,2017-03-26,2017-10-12,3,742.082,138.71620000000001,742.082,repeat
ML-18265,Muhammed Lee,Consumer,West,Washington,Seattle,2015-05-31,2017-09-21,2,162.232,42.6648,162.232,repeat
MM-17260,Magdelene Morse,Consumer,East,Delaware,Wilmington,2014-05-28,2017-07-15,4,1314.023,178.402,1314.023,repeat
MM-17920,Michael Moore,Consumer,West,California,San Francisco,2014-01-13,2017-12-23,11,3794.0800000000004,82.12499999999997,3794.0800000000004,repeat
MM-18055,Michelle Moray,Consumer,West,Washington,Seattle,2014-04-11,2017-10-30,8,2749.881,-520.3443,2749.881,repeat
MM-18280,Muhammed MacIntyre,Corporate,Central,Illinois,Quincy,2014-01-20,2017-10-06,9,775.414,58.8916,775.414,repeat
MN-17935,Michael Nguyen,Consumer,Central,Texas,Dallas,2014-02-16,2017-11-26,6,2477.946,290.8227,2477.946,repeat
MO-17500,Mary O'Rourke,Consumer,East,New York,New York City,2014-11-28,2017-10-19,4,922.487,59.357699999999994,922.487,repeat
MO-17800,Meg O'Connel,Home Office,East,New York,New York City,2015-09-17,2017-09-17,8,1687.0269999999998,169.34369999999998,1687.0269999999998,repeat
MO-17950,Michael Oakman,Consumer,Central,Texas,Dallas,2015-04-02,2017-07-03,2,154.288,-82.0074,154.288,repeat
MP-17470,Mark Packer,Home Office,East,New York,New York City,2014-03-30,2016-01-11,7,3206.132,600.2873,3206.132,repeat
MP-17965,Michael Paige,Corporate,East,Massachusetts,Lawrence,2015-04-18,2017-10-19,9,3983.6420000000003,638.1563,3983.6420000000003,repeat
MP-18175,Mike Pelletier,Home Office,West,California,Laguna Niguel,2014-03-28,2017-12-14,9,5087.92,226.4529,5087.92,repeat
MR-17545,Mathew Reese,Home Office,East,Pennsylvania,Philadelphia,2014-09-03,2017-08-27,4,639.178,162.9363,639.178,repeat
MS-17365,Maribeth Schnelling,Consumer,Central,Michigan,Detroit,2014-09-09,2017-04-01,10,7443.6900000000005,844.9354999999998,7443.6900000000005,repeat
MS-17530,MaryBeth Skach,Consumer,West,California,San Diego,2014-11-04,2016-10-22,4,475.65599999999995,84.0268,475.65599999999995,repeat
MS-17710,Maurice Satty,Consumer,West,Arizona,Mesa,2014-03-24,2016-11-12,6,1613.402,247.4348,1613.402,repeat
MS-17770,Maxwell Schwartz,Consumer,East,New York,New York City,2014-07-04,2017-08-31,9,3144.678,280.85839999999996,3144.678,repeat
MS-17830,Melanie Seite,Consumer,Central,Texas,Laredo,2014-01-09,2016-10-04,4,370.348,19.431199999999997,370.348,repeat
MS-17980,Michael Stewart,Corporate,Central,Texas,Dallas,2014-06-30,2017-12-04,6,855.116,55.226,855.116,repeat
MT-17815,Meg Tillman,Consumer,West,Arizona,Scottsdale,2015-11-06,2017-11-11,6,2890.139,509.0068,2890.139,repeat
MT-18070,Michelle Tran,Home Office,West,California,Los Angeles,2014-09-25,2017-06-10,4,1319.4498,-23.676300000000005,1319.4498,repeat
MV-17485,Mark Van Huff,Consumer,South,Virginia,Arlington,2014-01-20,2017-12-03,9,1560.05,189.0258,1560.05,repeat
MV-18190,Mike Vittorini,Consumer,East,New York,New York City,2014-01-30,2017-12-11,7,1734.574,273.8582,1734.574,repeat
MW-18220,Mitch Webber,Consumer,East,New York,New York City,2014-08-25,2017-12-13,7,5341.900000000001,1238.422,5341.900000000001,repeat
MW-18235,Mitch Willingham,Corporate,South,Virginia,Virginia Beach,2014-05-21,2017-11-16,2,5253.876,1665.516,5253.876,repeat
MY-17380,Maribeth Yedwab,Corporate,West,Colorado,Parker,2015-10-26,2017-12-01,7,2254.285,319.1211,2254.285,repeat
MY-18295,Muhammed Yedwab,Corporate,Central,Texas,Grapevine,2014-04-28,2017-10-20,11,4152.696,-371.7111,4152.696,repeat
MZ-17335,Maria Zettner,Home Office,West,California,San Diego,2015-11-08,2017-11-30,4,593.606,85.01910000000001,593.606,repeat
MZ-17515,Mary Zewe,Corporate,West,California,Redlands,2014-04-04,2017-03-23,6,2564.906,787.7503,2564.906,repeat
NB-18580,Nicole Brennan,Corporate,East,Pennsylvania,Philadelphia,2014-09-26,2014-10-22,2,273.87199999999996,24.788800000000002,273.87199999999996,repeat
NB-18655,Nona Balk,Corporate,Central,Texas,Dallas,2014-12-05,2017-12-11,9,1972.599,117.6429,1972.599,repeat
NC-18340,Nat Carroll,Consumer,Central,Michigan,Lansing,2014-03-30,2017-05-20,5,2461.404,580.3075,2461.404,repeat
NC-18415,Nathan Cano,Consumer,South,North Carolina,Jacksonville,2014-05-03,2017-11-19,6,2218.9900000000002,-2204.8072,2218.9900000000002,repeat
NC-18535,Nick Crebassa,Corporate,Central,Texas,Dallas,2014-07-23,2017-12-24,7,8241.739,1314.758,8241.739,repeat
NC-18625,Noah Childs,Corporate,West,Colorado,Aurora,2014-10-29,2017-06-09,5,1821.742,-359.02099999999996,1821.742,repeat
ND-18370,Natalie DeCherney,Consumer,South,Kentucky,Louisville,2014-01-13,2017-12-03,9,4326.139,353.64549999999997,4326.139,repeat
ND-18460,Neil Ducich,Corporate,South,Georgia,Macon,2014-02-06,2017-06-30,6,2893.455,443.33680000000004,2893.455,repeat
NF-18385,Natalie Fritzler,Consumer,South,Mississippi,Jackson,2014-02-11,2017-10-12,7,8322.826,-1695.9714,8322.826,repeat
NF-18475,Neil Französisch,Home Office,Central,Illinois,Rockford,2014-03-14,2016-07-23,4,377.16200000000003,85.92779999999999,377.16200000000003,repeat
NF-18595,Nicole Fjeld,Home Office,East,New York,New York City,2014-04-19,2017-09-07,7,2031.472,388.2131,2031.472,repeat
NG-18355,Nat Gilpin,Corporate,East,New York,New York City,2014-11-24,2017-11-12,5,1869.58,313.63349999999997,1869.58,repeat
NG-18430,Nathan Gelder,Consumer,East,Ohio,Cincinnati,2014-11-24,2017-11-12,5,1395.9379999999999,217.0893,1395.9379999999999,repeat
NH-18610,Nicole Hansen,Corporate,Central,Texas,Irving,2014-03-02,2017-06-24,7,2673.29,760.1666,2673.29,repeat
NK-18490,Neil Knudson,Home Office,West,Washington,Seattle,2015-05-28,2017-10-21,7,572.048,121.2177,572.048,repeat
NL-18310,Nancy Lomonaco,Home Office,West,California,Los Angeles,2014-10-31,2017-11-02,4,1418.0900000000001,343.6381,1418.0900000000001,repeat
NM-18445,Nathan Mautz,Home Office,East,New York,New York City,2014-02-08,2017-07-23,7,6459.344,2751.6848999999997,6459.344,repeat
NM-18520,Neoma Murray,Consumer,West,California,Riverside,2015-09-08,2017-04-30,10,2161.979,788.9525000000001,2161.979,repeat
NP-18325,Naresj Patel,Consumer,South,Virginia,Waynesboro,2014-05-13,2017-12-05,6,5529.62,1208.8890000000001,5529.62,repeat
NP-18670,Nora Paige,Consumer,Central,Oklahoma,Edmond,2015-02-27,2017-11-02,5,3908.402,514.6002,3908.402,repeat
NP-18685,Nora Pelletier,Home Office,East,New York,Niagara Falls,2014-03-07,2016-11-19,6,1228.698,514.5017,1228.698,repeat
NP-18700,Nora Preis,Consumer,West,California,Fresno,2014-09-05,2017-08-14,7,7903.1825,631.2282,7903.1825,repeat
NR-18550,Nick Radford,Consumer,Central,Illinois,Aurora,2014-06-07,2017-06-03,5,2367.277,-25.148799999999966,2367.277,repeat
NS-18505,Neola Schneider,Consumer,Central,Texas,Dallas,2016-11-24,2017-12-24,4,2575.863,-12.303999999999997,2575.863,repeat
NS-18640,Noel Staavos,Corporate,Central,Illinois,Chicago,2014-06-25,2017-07-09,13,2964.823,-234.7714,2964.823,repeat
NW-18400,Natalie Webber,Consumer,West,Oregon,Tigard,2014-06-21,2017-07-11,7,7234.014,1023.123,7234.014,repeat
NZ-18565,Nick Zandusky,Home Office,East,Ohio,Columbus,2014-08-02,2017-10-06,9,2488.31,402.4236,2488.31,repeat
ON-18715,Odella Nelson,Corporate,Central,Minnesota,Eagan,2014-09-13,2016-11-15,9,1567.52,-5.88900000000001,1567.52,repeat
OT-18730,Olvera Toch,Consumer,West,California,Los Angeles,2015-04-20,2017-10-26,5,3818.624,-925.1203,3818.624,repeat
PA-19060,Pete Armstrong,Home Office,Central,Illinois,Orland Park,2014-05-17,2017-09-18,6,729.408,225.8588,729.408,repeat
PB-18805,Patrick Bzostek,Home Office,West,Utah,Salt Lake City,2015-11-20,2017-12-05,3,740.356,229.2257,740.356,repeat
PB-19105,Peter Bühler,Consumer,Central,Illinois,Evanston,2014-11-15,2017-11-03,4,688.324,218.15970000000002,688.324,repeat
PB-19150,Philip Brown,Consumer,West,California,Los Angeles,2014-07-14,2017-09-24,8,1456.95,280.6606,1456.95,repeat
PB-19210,Phillip Breyer,Corporate,Central,Oklahoma,Tulsa,2014-11-23,2016-02-11,2,132.738,21.897000000000002,132.738,repeat
PC-18745,Pamela Coakley,Corporate,West,California,San Francisco,2014-12-31,2017-12-28,4,1832.064,272.685,1832.064,repeat
PC-19000,Pauline Chand,Home Office,West,California,Los Angeles,2014-04-08,2015-08-01,2,1061.488,-184.3364,1061.488,repeat
PF-19120,Peter Fuller,Consumer,West,Arizona,Gilbert,2014-05-05,2015-09-17,4,9062.864,-614.2943000000001,9062.864,repeat
PF-19165,Philip Fox,Consumer,Central,Illinois,Bloomington,2014-09-20,2017-06-17,6,2770.0,196.87389999999996,2770.0,repeat
PF-19225,Phillip Flathmann,Consumer,West,California,San Francisco,2016-06-26,2017-09-07,5,2206.1279999999997,591.3118000000001,2206.1279999999997,repeat
PG-18820,Patrick Gardner,Consumer,West,California,San Francisco,2014-05-09,2017-11-24,13,3086.907,137.46130000000002,3086.907,repeat
PG-18895,Paul Gonzalez,Consumer,Central,Minnesota,Rochester,2014-05-11,2017-11-03,9,1987.164,334.5163,1987.164,repeat
PH-18790,Patricia Hirasaki,Home Office,South,Florida,Lakeland,2017-10-21,2017-10-21,1,729.648,47.8878,729.648,new
PJ-18835,Patrick Jones,Corporate,South,Tennessee,Murfreesboro,2014-05-28,2017-11-21,8,1220.09,442.1355,1220.09,repeat
PJ-19015,Pauline Johnson,Consumer,West,California,Santa Ana,2014-04-07,2017-08-18,7,1824.2340000000002,682.9979000000001,1824.2340000000002,repeat
PK-18910,Paul Knutson,Home Office,East,Pennsylvania,Philadelphia,2014-04-04,2016-09-03,2,1441.152,-798.705,1441.152,repeat
PK-19075,Pete Kriz,Consumer,Central,Wisconsin,Madison,2014-11-11,2017-12-21,12,8646.934,2038.2676000000001,8646.934,repeat
PL-18925,Paul Lucas,Home Office,Central,Illinois,Chicago,2014-11-01,2017-12-15,5,239.481,-0.7527000000000026,239.481,repeat
PM-18940,Paul MacIntyre,Consumer,Central,Michigan,Jackson,2014-05-04,2016-12-09,3,1405.402,157.8768,1405.402,repeat
PM-19135,Peter McVee,Home Office,Central,Michigan,Detroit,2015-12-19,2017-11-09,4,4115.662,526.7537,4115.662,repeat
PN-18775,Parhena Norris,Home Office,East,New York,New York City,2015-08-07,2017-11-30,8,1467.152,192.0396,1467.152,repeat
PO-18850,Patrick O'Brill,Consumer,East,Pennsylvania,Philadelphia,2014-11-02,2017-12-26,11,7473.8282,38.47569999999996,7473.8282,repeat
PO-18865,Patrick O'Donnell,Consumer,Central,Michigan,Westland,2014-03-23,2017-12-30,7,2493.214,437.8533,2493.214,repeat
PO-19180,Philisse Overcash,Home Office,Central,Illinois,Chicago,2015-08-11,2017-07-23,9,4893.043,1155.4331,4893.043,repeat
PO-19195,Phillina Ober,Home Office,Central,Illinois,Naperville,2014-01-04,2017-10-05,5,1056.858,-49.70089999999999,1056.858,repeat
PP-18955,Paul Prost,Home Office,South,Georgia,Smyrna,2014-08-26,2017-09-24,10,7252.608,1495.0854,7252.608,repeat
PR-18880,Patrick Ryan,Consumer,West,California,Oakland,2014-09-05,2017-11-24,5,1840.178,247.6226,1840.178,repeat
PS-18760,Pamela Stobb,Consumer,West,California,Los Angeles,2014-06-15,2017-09-14,6,2181.479,-134.441,2181.479,repeat
PS-18970,Paul Stevenson,Home Office,Central,Illinois,Chicago,2014-04-15,2017-10-22,8,1278.639,198.5099,1278.639,repeat
PS-19045,Penelope Sewall,Home Office,South,North Carolina,Charlotte,2014-12-20,2017-05-08,7,6843.634,1742.7296999999999,6843.634,repeat
PT-19090,Pete Takahito,Consumer,Central,Texas,Houston,2014-09-12,2017-10-20,4,160.572,-20.0508,160.572,repeat
PV-18985,Paul Van Hugh,Home Office,West,California,San Francisco,2014-07-12,2017-10-02,5,2876.046,434.52840000000003,2876.046,repeat
PW-19030,Pauline Webber,Corporate,South,Kentucky,Richmond,2014-05-16,2017-11-14,10,3454.916,803.8169,3454.916,repeat
PW-19240,Pierre Wener,Consumer,West,Colorado,Louisville,2014-11-18,2016-09-22,7,3922.4150000000004,1290.354,3922.4150000000004,repeat
QJ-19255,Quincy Jones,Corporate,Central,Minnesota,Saint Paul,2014-03-17,2017-12-05,9,6108.338,1203.6768,6108.338,repeat
RA-19285,Ralph Arnett,Consumer,East,New York,New York City,2014-12-13,2017-12-25,9,2617.906,546.0882,2617.906,repeat
RA-19885,Ruben Ausman,Corporate,West,California,Los Angeles,2014-04-08,2017-11-17,7,3832.314,1292.8656,3832.314,repeat
RA-19915,Russell Applegate,Consumer,Central,Texas,Houston,2014-06-30,2017-12-18,9,4793.543,304.8673,4793.543,repeat
RA-19945,Ryan Akin,Consumer,West,California,Murrieta,2014-08-29,2017-10-30,5,1686.9225,-445.695,1686.9225,repeat
RB-19330,Randy Bradley,Consumer,East,Pennsylvania,Philadelphia,2014-11-17,2017-10-23,2,1008.1959999999999,-164.40619999999998,1008.1959999999999,repeat
RB-19360,Raymond Buch,Consumer,East,New York,Auburn,2016-04-01,2017-09-25,6,15117.339,6976.0959,15117.339,repeat
RB-19435,Richard Bierner,Consumer,Central,Missouri,Saint Louis,2014-03-11,2017-12-11,8,2663.0860000000002,477.23990000000003,2663.0860000000002,repeat
RB-19465,Rick Bensley,Home Office,Central,Illinois,Chicago,2014-03-14,2017-12-21,12,4715.466,640.5466,4715.466,repeat
RB-19570,Rob Beeghly,Consumer,Central,Indiana,Columbus,2016-04-28,2017-12-05,5,528.546,76.8879,528.546,repeat
RB-19645,Robert Barroso,Corporate,West,Nevada,North Las Vegas,2014-08-23,2016-03-22,5,221.084,72.679,221.084,repeat
RB-19705,Roger Barcio,Home Office,West,Oregon,Portland,2015-08-22,2017-11-06,4,2067.45,243.07549999999998,2067.45,repeat
RB-19795,Ross Baird,Home Office,South,North Carolina,Gastonia,2014-06-03,2017-11-28,8,5633.316000000001,-461.73319999999995,5633.316000000001,repeat
RC-19825,Roy Collins,Consumer,Central,Illinois,Chicago,2014-12-05,2016-12-26,6,966.409,63.991400000000006,966.409,repeat
RC-19960,Ryan Crowe,Consumer,East,Ohio,Columbus,2014-08-25,2017-09-11,6,885.752,10.563300000000002,885.752,repeat
RD-19480,Rick Duston,Consumer,West,Washington,Olympia,2014-06-08,2017-10-19,8,4272.93,480.594,4272.93,repeat
RD-19585,Rob Dowd,Consumer,South,Kentucky,Henderson,2014-04-02,2017-07-03,10,2912.8940000000002,734.5158,2912.8940000000002,repeat
RD-19660,Robert Dilbeck,Home Office,Central,Missouri,Saint Peters,2015-04-12,2017-09-07,5,2786.632,835.772,2786.632,repeat
RD-19720,Roger Demir,Consumer,South,Florida,Daytona Beach,2014-07-20,2017-12-09,10,1419.737,207.3304,1419.737,repeat
RD-19810,Ross DeVincentis,Home Office,West,California,Los Angeles,2014-10-27,2017-12-16,8,1137.616,318.4625,1137.616,repeat
RD-19900,Ruben Dartt,Consumer,West,New Mexico,Carlsbad,2014-04-05,2017-09-07,9,3133.924,455.5292,3133.924,repeat
RD-19930,Russell D'Ascenzo,Consumer,Central,Texas,Austin,2014-10-03,2017-11-18,4,970.9420000000001,35.05740000000001,970.9420000000001,repeat
RE-19405,Ricardo Emerson,Consumer,East,Ohio,Kent,2014-12-29,2014-12-29,1,48.36,6.045,48.36,new
RE-19450,Richard Eichhorn,Consumer,Central,Texas,Dallas,2014-06-03,2017-03-03,5,876.696,209.2294,876.696,repeat
RF-19345,Randy Ferguson,Corporate,East,New Hampshire,Dover,2014-05-20,2016-12-05,8,3309.15,633.7072000000001,3309.15,repeat
RF-19735,Roland Fjeld,Consumer,Central,Michigan,Trenton,2014-08-06,2017-10-02,7,2341.2960000000003,711.6168,2341.2960000000003,repeat
RF-19840,Roy Französisch,Consumer,East,New York,New York City,2014-11-12,2017-12-24,8,945.222,280.0261,945.222,repeat
RH-19495,Rick Hansen,Consumer,Central,Minnesota,Rochester,2014-08-23,2017-11-28,5,3621.3759999999997,563.7877,3621.3759999999997,repeat
RH-19510,Rick Huthwaite,Home Office,East,Rhode Island,Providence,2014-11-16,2016-09-19,6,6979.18,1289.4535,6979.18,repeat
RH-19555,Ritsa Hightower,Consumer,South,Florida,Tallahassee,2015-12-04,2016-07-29,2,740.382,0.30570000000000164,740.382,repeat
RH-19600,Rob Haberlin,Consumer,South,Alabama,Huntsville,2015-07-02,2016-07-14,3,2085.7400000000002,172.6261,2085.7400000000002,repeat
RK-19300,Ralph Kennedy,Consumer,East,Pennsylvania,Philadelphia,2015-07-20,2017-09-02,3,1460.192,269.688,1460.192,repeat
RL-19615,Rob Lucas,Consumer,South,Alabama,Montgomery,2014-12-05,2017-08-31,8,6234.91,488.14840000000004,6234.91,repeat
RM-19375,Raymond Messe,Consumer,Central,Texas,Houston,2014-05-11,2017-01-19,6,1453.474,392.1499,1453.474,repeat
RM-19675,Robert Marley,Home Office,South,Louisiana,Monroe,2014-11-14,2017-12-24,5,5979.0960000000005,1902.5438000000001,5979.0960000000005,repeat
RM-19750,Roland Murray,Consumer,East,New York,New York City,2017-03-06,2017-03-06,1,98.35,28.6879,98.35,new
RO-19780,Rose O'Brian,Consumer,South,Tennessee,Memphis,2015-05-12,2017-11-25,7,3815.478,-1262.5716000000002,3815.478,repeat
RP-19270,Rachel Payne,Corporate,West,California,Riverside,2014-10-19,2016-08-21,4,954.6452,59.538399999999996,954.6452,repeat
RP-19390,Resi Pölking,Consumer,East,Ohio,Cleveland,2014-05-24,2017-11-27,12,5153.084,465.25030000000015,5153.084,repeat
RP-19855,Roy Phan,Corporate,Central,Wisconsin,Kenosha,2014-04-05,2017-12-02,8,2170.716,594.5868,2170.716,repeat
RR-19315,Ralph Ritter,Consumer,West,California,San Francisco,2016-11-14,2017-12-11,2,615.932,-73.835,615.932,repeat
RR-19525,Rick Reed,Corporate,East,Massachusetts,Lowell,2014-09-09,2017-07-13,6,3302.2619999999997,721.6826,3302.2619999999997,repeat
RS-19420,Ricardo Sperren,Corporate,West,Washington,Seattle,2014-08-05,2017-10-15,5,3221.29,633.4513999999999,3221.29,repeat
RS-19765,Roland Schwarz,Corporate,East,New York,Mount Vernon,2014-04-07,2017-11-24,8,4159.7699999999995,1206.3851,4159.7699999999995,repeat
RS-19870,Roy Skaria,Home Office,Central,Iowa,Burlington,2016-06-07,2017-12-11,2,22.328,9.5838,22.328,repeat
RW-19540,Rick Wilson,Corporate,West,Arizona,Mesa,2015-02-03,2017-09-01,7,7397.401,1586.6273,7397.401,repeat
RW-19630,Rob Williams,Corporate,Central,Texas,Dallas,2014-06-28,2017-10-02,9,3279.746,698.8325,3279.746,repeat
RW-19690,Robert Waldorf,Consumer,South,North Carolina,Wilmington,2016-05-30,2017-10-12,5,3495.646,707.5503,3495.646,repeat
SA-20830,Sue Ann Reed,Consumer,Central,Illinois,Chicago,2014-02-22,2017-10-28,10,4767.3415,610.1496000000001,4767.3415,repeat
SB-20170,Sarah Bern,Consumer,East,New York,New York City,2014-06-06,2017-06-12,3,1348.02,157.6658,1348.02,repeat
SB-20185,Sarah Brown,Consumer,East,New Hampshire,Concord,2014-09-20,2017-06-25,6,6410.996,885.4623999999999,6410.996,repeat
SB-20290,Sean Braxton,Corporate,Central,Texas,Houston,2014-05-09,2017-11-13,7,8057.891,-2082.7451,8057.891,repeat
SC-20020,Sam Craven,Consumer,Central,Texas,Plano,2014-03-03,2015-11-10,5,3362.9636,-317.0508,3362.9636,repeat
SC-20050,Sample Company A,Home Office,East,Connecticut,Norwich,2014-03-18,2017-11-20,9,4624.572,1011.7443,4624.572,repeat
SC-20095,Sanjit Chand,Consumer,West,California,Concord,2014-02-12,2017-01-15,9,14142.333999999999,5757.411899999999,14142.333999999999,repeat
SC-20230,Scot Coram,Corporate,Central,Texas,Arlington,2016-06-06,2017-08-03,4,4371.9580000000005,440.14099999999996,4371.9580000000005,repeat
SC-20260,Scott Cohen,Corporate,West,California,San Francisco,2014-04-06,2017-06-26,8,3729.7929999999997,671.0033999999999,3729.7929999999997,repeat
SC-20305,Sean Christensen,Consumer,Central,Michigan,Rochester Hills,2014-12-16,2017-12-01,7,3979.065,229.1617,3979.065,repeat
SC-20380,Shahid Collister,Consumer,West,Washington,Seattle,2014-03-01,2017-11-30,9,5992.536,236.66149999999996,5992.536,repeat
SC-20440,Shaun Chance,Corporate,West,Colorado,Aurora,2015-08-17,2017-11-24,7,1874.998,379.5611,1874.998,repeat
SC-20575,Sonia Cooley,Consumer,Central,Indiana,Mishawaka,2014-06-16,2017-09-29,5,902.7280000000001,100.2253,902.7280000000001,repeat
SC-20680,Steve Carroll,Home Office,South,Georgia,Columbus,2014-11-21,2017-08-26,6,1254.64,370.1578,1254.64,repeat
SC-20695,Steve Chapman,Corporate,South,Florida,Hialeah,2014-12-16,2017-10-02,10,2576.408,611.8291,2576.408,repeat
SC-20725,Steven Cartwright,Consumer,East,Delaware,Wilmington,2014-06-03,2017-06-26,11,5226.21,1276.6513,5226.21,repeat
SC-20770,Stewart Carmichael,Corporate,South,Alabama,Decatur,2015-06-20,2017-11-19,7,4492.657,-671.1874,4492.657,repeat
SC-20800,Stuart Calhoun,Consumer,Central,Texas,Houston,2015-12-11,2017-11-30,4,279.25600000000003,51.8252,279.25600000000003,repeat
SC-20845,Sung Chung,Consumer,Central,Illinois,Arlington Heights,2016-11-11,2017-08-21,2,280.632,31.1757,280.632,repeat
SD-20485,Shirley Daniels,Home Office,East,New York,New Rochelle,2014-01-26,2017-06-13,9,6121.114,1985.1671999999999,6121.114,repeat
SE-20110,Sanjit Engle,Consumer,East,New York,New York City,2014-04-11,2017-12-21,11,12209.438000000002,2650.6769,12209.438000000002,repeat
SF-20065,Sandra Flanagan,Consumer,East,Pennsylvania,Philadelphia,2014-09-10,2017-11-01,7,763.5459999999999,228.1623,763.5459999999999,repeat
SF-20200,Sarah Foster,Consumer,West,Washington,Marysville,2014-12-23,2017-11-01,9,3422.7859999999996,286.9046,3422.7859999999996,repeat
SF-20965,Sylvia Foulston,Corporate,Central,Michigan,Dearborn,2014-10-21,2017-11-12,9,3336.535,539.9352,3336.535,repeat
SG-20080,Sandra Glassco,Consumer,Central,Missouri,Independence,2015-10-31,2017-12-22,3,3406.5809999999997,570.438,3406.5809999999997,repeat
SG-20470,Sheri Gordon,Consumer,East,New York,New York City,2014-07-26,2017-06-30,8,1884.798,-119.0105,1884.798,repeat
SG-20605,Speros Goranitis,Consumer,East,New York,New York City,2014-01-23,2017-09-13,6,3124.832,463.269,3124.832,repeat
SG-20890,Susan Gilcrest,Corporate,Central,Texas,Mcallen,2014-03-30,2017-05-18,3,47.946,-3.7073,47.946,repeat
SH-19975,Sally Hughsby,Corporate,West,California,San Francisco,2014-12-10,2017-12-01,13,3406.8395,558.4739999999999,3406.8395,repeat
SH-20395,Shahid Hopkins,Consumer,South,Virginia,Arlington,2014-11-02,2017-12-07,10,2180.718,-144.5229,2180.718,repeat
SH-20635,Stefanie Holloman,Corporate,South,Tennessee,Jackson,2014-12-16,2015-11-26,2,2096.392,260.6258,2096.392,repeat
SJ-20125,Sanjit Jacobs,Home Office,East,New Jersey,New Brunswick,2015-09-22,2017-09-26,12,3949.656,144.1189,3949.656,repeat
SJ-20215,Sarah Jordon,Consumer,Central,Texas,Grand Prairie,2015-02-09,2017-12-01,6,1341.036,-23.5137,1341.036,repeat
SJ-20500,Shirley Jackson,Consumer,Central,Texas,Houston,2014-08-31,2017-04-21,5,1318.776,68.09629999999999,1318.776,repeat
SK-19990,Sally Knutson,Consumer,East,Connecticut,Fairfield,2016-11-28,2017-12-22,3,883.409,168.7933,883.409,repeat
SL-20155,Sara Luxemburg,Home Office,South,Florida,Jacksonville,2014-09-21,2017-10-21,7,3053.012,527.9715,3053.012,repeat
SM-20005,Sally Matthias,Consumer,East,New York,New York City,2014-11-23,2016-11-04,4,244.49399999999997,-26.5927,244.49399999999997,repeat
SM-20320,Sean Miller,Home Office,South,North Carolina,Monroe,2014-03-18,2017-10-12,5,25043.05,-1980.7393,25043.05,repeat
SM-20905,Susan MacKendrick,Consumer,East,Ohio,Newark,2016-05-03,2016-05-03,1,1043.041,-237.2885,1043.041,new
SM-20950,Suzanne McNair,Corporate,South,North Carolina,Greenville,2014-09-29,2017-12-05,12,5563.392,581.5741999999999,5563.392,repeat
SN-20560,Skye Norling,Home Office,West,California,Los Angeles,2015-06-18,2017-09-10,6,1860.418,-716.8565000000001,1860.418,repeat
SN-20710,Steve Nguyen,Home Office,Central,Texas,Houston,2014-05-06,2017-10-12,7,3127.9592,481.74989999999997,3127.9592,repeat
SO-20335,Sean O'Donnell,Consumer,South,Florida,Fort Lauderdale,2015-10-11,2017-12-01,6,2602.5755,-81.0858,2602.5755,repeat
SP-20545,Sibella Parks,Corporate,East,New York,New York City,2014-10-13,2017-02-06,6,1306.086,-118.77570000000001,1306.086,repeat
SP-20620,Stefania Perrino,Corporate,East,Pennsylvania,Philadelphia,2014-09-08,2017-11-13,9,5440.319,-270.42819999999995,5440.319,repeat
SP-20650,Stephanie Phelps,Corporate,West,California,San Jose,2014-04-16,2016-12-09,9,1872.4360000000001,268.4782,1872.4360000000001,repeat
SP-20860,Sung Pak,Corporate,East,Pennsylvania,Philadelphia,2014-12-15,2017-10-12,10,4282.94,566.7226,4282.94,repeat
SP-20920,Susan Pistek,Consumer,West,California,Los Angeles,2014-11-22,2017-10-21,6,3990.689,14.692400000000003,3990.689,repeat
SR-20425,Sharelle Roach,Home Office,West,Colorado,Louisville,2014-06-14,2017-12-22,5,3233.481,-3333.9144,3233.481,repeat
SR-20740,Steven Roelle,Home Office,East,New York,New York City,2014-02-20,2017-06-17,8,4345.8859999999995,1990.4243999999999,4345.8859999999995,repeat
SS-20140,Saphhira Shifley,Corporate,East,Rhode Island,Warwick,2014-11-23,2017-12-15,8,1324.028,332.3487,1324.028,repeat
SS-20410,Shahid Shariari,Consumer,West,California,Los Angeles,2014-05-30,2017-09-11,6,3056.8070000000002,-1010.9738,3056.8070000000002,repeat
SS-20515,Shirley Schmidt,Home Office,South,Kentucky,Louisville,2014-07-14,2016-08-26,3,613.4,199.93449999999999,613.4,repeat
SS-20590,Sonia Sunley,Consumer,West,Washington,Seattle,2014-08-05,2016-10-24,6,418.49,135.5401,418.49,repeat
SS-20875,Sung Shariari,Consumer,Central,Texas,Dallas,2014-12-14,2017-09-01,5,964.636,-75.586,964.636,repeat
ST-20530,Shui Tom,Consumer,East,Ohio,Parma,2014-02-14,2017-08-27,7,433.34000000000003,84.4419,433.34000000000003,repeat
SU-20665,Stephanie Ulpright,Home Office,South,Mississippi,Jackson,2015-12-05,2017-12-10,7,2595.364,763.4719,2595.364,repeat
SV-20365,Seth Vernon,Consumer,East,Delaware,Dover,2014-01-11,2017-09-20,10,11470.949999999999,1199.4242,11470.949999999999,repeat
SV-20785,Stewart Visinsky,Consumer,West,Colorado,Pueblo,2014-04-12,2017-02-13,9,4105.305,485.0272,4105.305,repeat
SV-20815,Stuart Van,Corporate,Central,Texas,Houston,2015-05-04,2017-10-15,4,1271.0900000000001,199.6502,1271.0900000000001,repeat
SV-20935,Susan Vittorini,Consumer,East,New York,New York City,2016-03-19,2017-12-28,8,1903.491,106.8912,1903.491,repeat
SW-20245,Scot Wooten,Consumer,West,California,Stockton,2014-07-20,2017-10-10,7,1085.078,-19.60620000000001,1085.078,repeat
SW-20275,Scott Williamson,Consumer,South,Mississippi,Jackson,2014-03-10,2017-11-30,6,1966.65,332.8725,1966.65,repeat
SW-20350,Sean Wendt,Home Office,Central,Michigan,Detroit,2016-04-09,2017-07-21,3,1019.044,95.8383,1019.044,repeat
SW-20455,Shaun Weien,Consumer,South,Virginia,Suffolk,2015-06-22,2017-07-21,7,2921.544,793.6548,2921.544,repeat
SW-20755,Steven Ward,Corporate,East,New York,New York City,2014-11-02,2016-07-14,2,758.6959999999999,68.2416,758.6959999999999,repeat
SZ-20035,Sam Zeldin,Home Office,West,California,Pico Rivera,2014-09-07,2017-11-25,11,3625.329,366.43030000000005,3625.329,repeat
TA-21385,Tom Ashbrook,Home Office,East,New York,New York City,2014-09-12,2017-10-22,4,14595.62,4703.7883,14595.62,repeat
TB-21055,Ted Butterfield,Consumer,East,New York,Troy,2016-06-17,2017-09-02,5,1467.881,390.2113,1467.881,repeat
TB-21175,Thomas Boland,Corporate,Central,Texas,Houston,2014-12-08,2017-11-02,4,3589.296,829.1635,3589.296,repeat
TB-21190,Thomas Brumley,Home Office,South,Arkansas,Fayetteville,2014-12-27,2017-11-11,4,816.1740000000001,179.0038,816.1740000000001,repeat
TB-21250,Tim Brockman,Consumer,East,New York,New York City,2014-12-08,2017-01-15,7,1602.376,260.6155,1602.376,repeat
TB-21280,Toby Braunhardt,Consumer,East,District of Columbia,Washington,2014-06-21,2016-05-26,6,2198.45,490.9567,2198.45,repeat
TB-21355,Todd Boyes,Corporate,East,New York,New York City,2016-01-25,2017-08-06,5,834.328,268.967,834.328,repeat
TB-21400,Tom Boeckenhauer,Consumer,West,Washington,Seattle,2014-01-21,2017-06-11,7,9133.99,2798.3689,9133.99,repeat
TB-21520,Tracy Blumstein,Consumer,East,Pennsylvania,Philadelphia,2014-10-17,2017-09-14,9,4737.486,-1603.0451,4737.486,repeat
TB-21595,Troy Blackwell,Consumer,Central,Indiana,Columbus,2014-02-18,2017-03-20,5,1387.559,-136.4091,1387.559,repeat
TB-21625,Trudy Brown,Consumer,Central,Texas,Grand Prairie,2014-08-06,2017-11-30,9,2797.668,379.882,2797.668,repeat
TC-20980,Tamara Chand,Corporate,West,Washington,Seattle,2014-11-07,2016-11-26,5,19052.218,8981.323900000001,19052.218,repeat
TC-21145,Theresa Coyne,Corporate,East,New Jersey,Lakewood,2017-09-15,2017-09-15,1,1038.26,265.5332,1038.26,new
TC-21295,Toby Carlisle,Consumer,West,California,San Diego,2014-10-14,2017-12-03,8,4266.812,606.3727,4266.812,repeat
TC-21475,Tony Chapman,Home Office,South,Georgia,Columbus,2014-11-22,2017-07-30,9,1244.976,119.104,1244.976,repeat
TC-21535,Tracy Collins,Home Office,South,Virginia,Arlington,2014-11-03,2017-12-26,7,742.5580000000001,217.933,742.5580000000001,repeat
TD-20995,Tamara Dahlen,Consumer,East,Massachusetts,Lowell,2014-05-19,2017-11-23,9,1434.5480000000002,88.1897,1434.5480000000002,repeat
TG-21310,Toby Gnade,Consumer,West,California,Los Angeles,2015-03-09,2017-01-27,5,3058.372,682.1704,3058.372,repeat
TG-21640,Trudy Glocke,Consumer,West,California,Long Beach,2014-03-31,2017-09-07,4,2074.661,365.7205,2074.661,repeat
TH-21100,Thea Hendricks,Consumer,West,California,Los Angeles,2014-09-27,2017-01-20,5,2422.824,-135.2125,2422.824,repeat
TH-21115,Thea Hudgings,Corporate,East,Pennsylvania,Philadelphia,2014-09-23,2017-11-02,4,2942.772,-252.5539,2942.772,repeat
TH-21235,Tiffany House,Corporate,Central,Texas,Dallas,2014-11-04,2017-09-04,8,1022.201,92.729,1022.201,repeat
TH-21550,Tracy Hopkins,Home Office,East,New York,New York City,2014-04-05,2017-10-19,7,4234.0960000000005,-571.9678,4234.0960000000005,repeat
TM-21010,Tamara Manning,Consumer,West,California,San Francisco,2014-02-21,2017-09-18,8,2955.2259999999997,573.3013,2955.2259999999997,repeat
TM-21490,Tony Molinari,Consumer,Central,Oklahoma,Oklahoma City,2017-03-30,2017-08-22,3,1094.6779999999999,292.52099999999996,1094.6779999999999,repeat
TN-21040,Tanja Norvell,Home Office,West,Arizona,Phoenix,2014-10-10,2017-10-01,7,3130.221,-692.0452,3130.221,repeat
TP-21130,Theone Pippenger,Consumer,East,Pennsylvania,Philadelphia,2015-04-14,2017-12-22,9,4454.0560000000005,1129.1261,4454.0560000000005,repeat
TP-21415,Tom Prescott,Consumer,West,Washington,Seattle,2015-11-28,2017-09-17,5,5329.0048,-1087.3898,5329.0048,repeat
TP-21565,Tracy Poddar,Corporate,West,Colorado,Aurora,2015-03-01,2017-01-14,4,1936.6399999999999,139.22869999999995,1936.6399999999999,repeat
TR-21325,Toby Ritter,Consumer,East,New Jersey,Belleville,2014-12-01,2017-06-20,5,675.9419999999999,220.36440000000002,675.9419999999999,repeat
TS-21085,Thais Sissman,Consumer,West,Arizona,Phoenix,2015-07-19,2017-01-07,2,4.833,-3.3156,4.833,repeat
TS-21160,Theresa Swint,Corporate,East,Ohio,Toledo,2014-04-23,2016-08-13,6,2163.6240000000003,260.87440000000004,2163.6240000000003,repeat
TS-21205,Thomas Seio,Corporate,East,New Jersey,Hackensack,2014-03-21,2017-06-15,7,5371.09,862.8877,5371.09,repeat
TS-21340,Toby Swindell,Consumer,Central,Texas,Houston,2014-01-19,2017-05-18,5,974.7819999999999,-184.97889999999998,974.7819999999999,repeat
TS-21370,Todd Sumrall,Corporate,East,New York,New York City,2014-10-28,2017-11-24,6,11891.751,2371.7144000000003,11891.751,repeat
TS-21430,Tom Stivers,Corporate,West,California,Los Angeles,2014-07-30,2017-07-11,5,2054.14,48.70169999999999,2054.14,repeat
TS-21505,Tony Sayre,Consumer,South,Tennessee,Columbia,2014-12-20,2017-12-19,6,2243.274,11.377899999999983,2243.274,repeat
TS-21610,Troy Staebel,Consumer,West,Arizona,Phoenix,2014-08-16,2017-11-05,7,2820.424,-294.6981,2820.424,repeat
TS-21655,Trudy Schmidt,Consumer,Central,Wisconsin,Milwaukee,2015-02-06,2017-05-06,5,3368.094,220.91629999999998,3368.094,repeat
TT-21070,Ted Trevino,Consumer,West,California,Los Angeles,2014-05-18,2017-11-29,7,4915.602,751.9567,4915.602,repeat
TT-21220,Thomas Thornton,Consumer,Central,Texas,Houston,2014-09-23,2017-06-30,8,1427.0439999999999,278.7371,1427.0439999999999,repeat
TT-21265,Tim Taslimi,Corporate,West,California,Los Angeles,2015-08-15,2016-11-19,3,439.5,93.9162,439.5,repeat
TT-21460,Tonja Turnell,Home Office,Central,Illinois,Aurora,2015-12-08,2017-12-18,7,5364.808,1124.4999,5364.808,repeat
TW-21025,Tamara Willingham,Home Office,West,Arizona,Scottsdale,2014-12-22,2017-10-27,7,5278.826,737.3905,5278.826,repeat
TZ-21580,Tracy Zic,Consumer,West,Colorado,Louisville,2014-11-11,2017-11-25,4,1707.286,224.8887,1707.286,repeat
VB-21745,Victoria Brennan,Corporate,South,Georgia,Columbus,2015-07-17,2017-11-06,6,2005.596,371.2398,2005.596,repeat
VD-21670,Valerie Dominguez,Consumer,South,Tennessee,Columbia,2014-08-04,2016-05-28,6,6442.254,1617.7874000000002,6442.254,repeat
VF-21715,Vicky Freymann,Home Office,Central,Indiana,Columbus,2014-03-01,2017-12-17,5,847.944,-96.27799999999999,847.944,repeat
VG-21790,Vivek Gonzalez,Consumer,West,California,San Diego,2014-08-08,2017-07-29,6,846.01,143.6268,846.01,repeat
VG-21805,Vivek Grady,Corporate,South,Virginia,Virginia Beach,2014-09-22,2017-03-19,5,427.372,-52.333,427.372,repeat
VM-21685,Valerie Mitchum,Home Office,East,New Jersey,Westfield,2014-04-07,2017-11-06,7,2454.866,513.5269,2454.866,repeat
VM-21835,Vivian Mathis,Consumer,East,Delaware,Newark,2014-03-22,2017-09-04,5,380.69,116.6373,380.69,repeat
VP-21730,Victor Preis,Home Office,West,Nevada,Las Vegas,2015-07-05,2017-11-30,3,993.9019999999999,205.3888,993.9019999999999,repeat
VP-21760,Victoria Pisteka,Corporate,West,California,San Francisco,2014-09-06,2017-10-16,7,3360.526,-1018.7768,3360.526,repeat
VS-21820,Vivek Sundaresam,Consumer,West,California,Los Angeles,2014-01-07,2017-05-23,4,1055.981,-262.8093,1055.981,repeat
VT-21700,Valerie Takahito,Home Office,East,Pennsylvania,Philadelphia,2014-06-06,2015-04-05,2,1736.596,-224.08889999999997,1736.596,repeat
VW-21775,Victoria Wilson,Corporate,East,Ohio,Medina,2014-05-11,2017-12-02,10,6134.0380000000005,-874.6645,6134.0380000000005,repeat
WB-21850,William Brown,Consumer,East,Pennsylvania,Philadelphia,2014-11-04,2017-12-10,11,6160.102,714.3311,6160.102,repeat
XP-21865,Xylona Preis,Consumer,West,California,San Diego,2014-01-20,2017-11-17,11,2374.658,621.23,2374.658,repeat
YC-21895,Yoseph Carroll,Corporate,West,California,San Francisco,2014-11-17,2017-12-26,5,5454.35,1305.629,5454.35,repeat
YS-21880,Yana Sorensen,Corporate,South,North Carolina,Burlington,2015-01-12,2017-12-21,8,6720.4439999999995,1778.2923,6720.4439999999995,repeat
ZC-21910,Zuschuss Carroll,Consumer,West,Oregon,Salem,2014-10-13,2017-11-06,13,8025.707,-1032.1490000000001,8025.707,repeat
ZD-21925,Zuschuss Donatelli,Consumer,West,California,San Francisco,2014-08-27,2017-06-11,5,1493.944,249.1307,1493.944,repeat
